year,trial_replicate,plot,row,accession,SampleName,DTF,DTH,PtHt,PcleLng,SdLen,TGW,SdWpPt,SdW_z
2019-20,1,1,1,CHEN-5,S1D4_batch1,93,129,67,34.2,1.9,2.6,13.33333333,-0.355781919
2019-20,1,2,1,PI-614882,S4D9_batch1,91,128,75,42.4,1.93,2.95,11.66666667,-0.517180237
2019-20,1,4,1,PI-614885,S1C9_batch1,90,129,100,31.7,2,3.2,20,0.289811356
2019-20,1,6,1,PI-584524,S1B9_batch1,93,137,98,22.4,1.9,2.45,13.33333333,-0.355781919
2019-20,1,7,1,CHEN-398,NA,92,147,91,30.7,1.83,2.9,13.33333333,-0.355781919
2019-20,1,9,1,Ames-13749,S1H7_batch1,90,131,96,36.1,2.03,2.8,15,-0.1943836
2019-20,1,11,1,BO-16,S1A9_batch1,89,131,112,38.6,1.76,2.7,11.66666667,-0.517180237
2019-20,1,14,1,BO-58,S1A8_batch1,93,128,96,23.5,2,3.15,8.333333333,-0.839976874
2019-20,1,16,1,LP,S2H10_batch1,93,NA,71,NA,NA,NA,NA,NA
2019-20,1,17,1,PI-614920,S4F9_batch1,94,131,78,30.1,2.13,3.95,8.333333333,-0.839976874
2019-20,1,18,1,D-11943,S2B9_batch1,91,132,98,28.7,2,3.05,10,-0.678578555
2019-20,1,19,1,PUC-mix-red,KATA1A4_RH5,91,132,97,23.4,2,2.75,5,-1.162773511
2019-20,1,check1,1,Check,NA,93,139,120.6,34.12,1.93,2.3,40.16,2.242085418
2019-20,1,22,1,D-11980,S1E2_batch1,91,137,120,26.7,2.06,2.95,35,1.742396223
2019-20,1,24,1,PI-614907,S7H3_batch2,92,137,126,39.4,2.06,3,30,1.258201267
2019-20,1,25,1,D-12320,S4H8_batch1,93,128,NA,34.3,2,3,11.66666667,-0.517180237
2019-20,1,28,1,Ames-13760,S1G10_batch1,91,146,106,30.5,1.86,2.3,13.33333333,-0.355781919
2019-20,1,29,1,PI-614887,S1H5_batch1,91,145,113,34.2,1.96,3.6,28.33333333,1.096802949
2019-20,1,30,1,BO-46-2,S2D1_batch1,91,146,98,18.1,1.83,2.4,5,-1.162773511
2019-20,1,31,1,Ames-13722,S1C6_batch1,90,128,NA,40.8,1.7,2.8,10.66666667,-0.614019228
2019-20,1,32,1,CHEN-220,S2B10_batch1,90,137,110,30.9,1.73,2.7,23.33333333,0.612607993
2019-20,1,33,1,NSL-86628,S1A5_batch1,90,137,138,25.1,1.96,2.8,13.33333333,-0.355781919
2019-20,1,34,1,Ames-13723,KATRC10,91,128,NA,18.2,1.76,2.56,15,-0.1943836
2019-20,1,35,1,Ames-13727,S1G9_batch1,89,128,NA,37.5,2.06,3.15,18.33333333,0.128413037
2019-20,1,36,1,Ames-13743,S1B8_batch1,93,128,NA,28.7,1.96,3.4,13.33333333,-0.355781919
2019-20,1,37,1,PI-478418,S3B5_batch1,91,142,59,19.52,1.93,2.9,11.66666667,-0.517180237
2019-20,1,38,1,CHEN-427,S3H8_batch1,91,169,106,40.42,1.93,1.95,35,1.742396223
2019-20,1,39,1,CHEN-465,S1D2_batch1,91,129,69,23.37,1.63,2.75,8.333333333,-0.839976874
2019-20,1,check2,1,Check,NA,92,139,130.4,23.47,1.93,2.42,43.84,2.598452905
2019-20,1,44,2,D-12028,S6H8_batch2,101,152,132,37.54,1.86,1.4,5,-1.162773511
2019-20,1,46,2,BO-13,S1D10_batch1,101,129,98,27.62,1.86,2.85,6.666666667,-1.001375193
2019-20,1,check3,2,Check,NA,93,139,120.6,34.12,2,2.69,38.56,2.087143032
2019-20,1,47,2,KU-2,S517_batch3,91,129,116,31.41,1.9,2.55,10,-0.678578555
2019-20,1,48,2,D-12020,S4H4_batch1,NA,123,NA,NA,NA,NA,NA,NA
2019-20,1,49,2,PI-634925,S2H3_batch1,91,133,118,26.52,2.2,2.75,13.33333333,-0.355781919
2019-20,1,50,2,CHEN-451,S5B1_batch2,91,129,109,32.32,1.96,3.15,15,-0.1943836
2019-20,1,52,2,D-12389,S4D3_batch1,91,129,113,28.41,1.8,2.65,10,-0.678578555
2019-20,1,53,2,PI-510536,S5C9_batch2,91,129,119,42.72,2.03,2.95,26.66666667,0.935404631
2019-20,1,57,2,Ames-13758,S744_batch3,91,152,102,43.64,2.23,3,18.33333333,0.128413037
2019-20,1,59,2,D-12393,S3C4_batch1,61,137,105,27.53,1.93,2.1,13.33333333,-0.355781919
2019-20,1,56,2,D-12309,S3E3_batch1,91,129,78,32.68,1.92,3.2,10,-0.678578555
2019-20,1,61,2,Brightest-Brilliant-Rainbow,S1G5_batch1,93,130,110,NA,NA,NA,NA,NA
2019-20,1,63,9,D-12350,S3C5_batch1,92,137,90,28.82,1.93,3.05,16.66666667,-0.032985281
2019-20,1,check4,2,Check,NA,93,139,131,32.1,1.88,2.12,41.43,2.365070936
2019-20,1,66,2,D-12395,S4F7_batch1,91,138,132,39.38,2.06,2.95,10,-0.678578555
2019-20,1,67,2,D-12279,S3A5_batch1,91,164,110,31.46,1.83,2.6,18.33333333,0.128413037
2019-20,1,70,2,CHEN-470,S1F5_batch1,91,187,NA,33.45,1.86,2.35,8.333333333,-0.839976874
2019-20,1,72,2,D-12377,S6B14_batch2,93,147,61,20.63,1.9,2.1,8.333333333,-0.839976874
2019-20,1,73,2,CHEN-354,S3F3_batch1,105,NA,NA,NA,NA,NA,NA,NA
2019-20,1,74,2,BO-55,S1G1_batch1,91,137,100,33.75,2.16,3.4,16.66666667,-0.032985281
2019-20,1,75,2,D-12387,S2C5_batch1,91,137,116,35.64,1.86,2.6,10,-0.678578555
2019-20,1,76,2,D-12037,S1F8_batch1,90,137,93,29.15,1.96,2.45,10,-0.678578555
2019-20,1,78,2,D-12196,S1F2_batch1,91,172,87,36.24,2.1,2.05,10,-0.678578555
2019-20,1,79,2,CHEN-348,NA,91,149,86,33.32,2.1,3.3,13.33333333,-0.355781919
2019-20,1,80,2,CHEN-64,S2F3_batch1,93,129,66,25.72,1.86,2.6,10,-0.678578555
2019-20,1,81,2,PI-510547,NA,90,NA,87,NA,NA,NA,NA,NA
2019-20,1,83,2,Ames-13719,NA,93,129,68,31.87,1.96,2.3,13.33333333,-0.355781919
2019-20,1,84,2,PI-634919,S2H11_batch1,91,133,107,32.86,1.83,2.34,15,-0.1943836
2019-20,1,85,2,PI-634923,NA,91,129,77,28.32,2.06,2.45,14.33333333,-0.258942927
2019-20,1,86,2,PI-665276,S847_batch3,91,137,63,25.47,2,3.05,16.66666667,-0.032985281
2019-20,1,87,3,Ames-13744,S1A6_batch1,91,133,81,29.53,2.16,3.43,20,0.289811356
2019-20,1,88,3,CICA-17,S5G2_batch2,91,158,61,26.61,2.16,3,15.33333333,-0.162103936
2019-20,1,89,3,PAL,NA,93,157,116,30.73,2.13,2.9,16.66666667,-0.032985281
2019-20,1,91,3,CHEN-291,S1E5_batch1,102,167,NA,NA,NA,NA,NA,NA
2019-20,1,92,3,CHEN-222,S2G3_batch1,91,137,85,33.65,2,3.53,10,-0.678578555
2019-20,1,94,3,PI-614881,S4F10_batch1,91,NA,130,33.67,1.96,2.8,18.33333333,0.128413037
2019-20,1,95,3,D-12282,S4C8_batch1,91,133,94,33.84,1.96,2.75,23.33333333,0.612607993
2019-20,1,97,3,EMBRAPA-Brazil,S4A7_batch1,81,129,77,33.73,1.96,2.85,18.33333333,0.128413037
2019-20,1,98,3,RU-5,S1D5_batch1,92,137,77,33.86,2.1,3.25,15,-0.1943836
2019-20,1,105,3,PUC-mix-green,S1G8_batch1,91,152,110,36.4,2.06,3.35,18.33333333,0.128413037
2019-20,1,106,3,PI-614938,S2H7_batch2,92,135,105,28.39,1.83,3.15,8.333333333,-0.839976874
2019-20,1,check5,3,Check,NA,93,139,130.4,31.67,1.93,2.3,44.96,2.706912575
2019-20,1,108,3,Ollague,S2F6_batch1,NA,157,85,40.47,2.13,3.5,40,2.226591179
2019-20,1,111,3,NSL-86649,S2E1_batch1,92,137,59,20.57,2.06,2.35,8.333333333,-0.839976874
2019-20,1,113,3,CHEN-430,S3D3_batch1,92,149,92,34.79,1.96,2.8,18.33333333,0.128413037
2019-20,1,121,3,D-12120,S3B3_batch1,91,147,112,NA,NA,NA,NA,NA
2019-20,1,123,3,CHEN-67,NA,91,148,89,32.54,1.83,2.75,6.666666667,-1.001375193
2019-20,1,124,3,D-10004,KATA3G2RH10,91,152,79,24.75,1.76,2.27,9,-0.775417547
2019-20,1,125,3,Javi,S1E3_batch1,91,138,96,30.85,1.67,2.65,16.66666667,-0.032985281
2019-20,1,check6,3,Check,NA,93,139,120.3,30.12,1.96,2.56,43.65,2.580053497
2019-20,1,127,3,CHEN-126,S1E8_batch1,91,171,56,17.72,1.56,2.3,6.666666667,-1.001375193
2019-20,1,128,3,D-12123,S3B1_batch1,102,146,94,26.12,1.8,2.2,15,-0.1943836
2019-20,1,129,4,CHEN-90,S1B5_batch1,102,144,65,24.65,1.76,2.13,13,-0.388061582
2019-20,1,130,4,D-12256,S3E9_batch1,91,135,85,28.14,1.78,2.4,15,-0.1943836
2019-20,1,131,4,PI-634920,NA,93,159,106,28.25,1.83,2.55,8.333333333,-0.839976874
2019-20,1,check7,4,Check,NA,93,141,123,30.12,1.93,2.9,39.14,2.143309647
2019-20,1,132,4,CHEN-429,S4C2_batch1,94,164,NA,NA,NA,NA,NA,NA
2019-20,1,133,4,CHEN-390,S4D2_batch1,92,148,68,28.53,1.67,1.8,10,-0.678578555
2019-20,1,134,4,D-12363,S3E11_batch1,91,159,80,29.59,2,2.25,13.33333333,-0.355781919
2019-20,1,136,4,D-12036,S1F3_batch1,90,159,86,26.35,1.67,2.65,15,-0.1943836
2019-20,1,137,4,D-11918,S4F3_batch1,90,159,75,29.49,1.87,2.6,11.66666667,-0.517180237
2019-20,1,138,4,CHEN-92,S1B3_batch2,90,137,190,24.43,2.13,3,11.66666667,-0.517180237
2019-20,1,139,4,Baer-II,S1G3_batch1,92,137,96,33.32,2.43,2.25,8.333333333,-0.839976874
2019-20,1,140,4,Ames-13761,S2G6_batch1,91,148,109,23.49,1.63,1.65,3.333333333,-1.32417183
2019-20,1,141,4,D-12114,S3D9_batch1,91,137,74,34.19,1.73,2.05,15,-0.1943836
2019-20,1,142,4,CHEN-358,S4A2_batch1,92,141,88,34.24,1.83,1.9,10,-0.678578555
2019-20,1,143,4,CHEN-342,S2E7_batch1,91,138,93,35.4,1.96,2.15,16.66666667,-0.032985281
2019-20,1,144,4,Ames-13731,S2A4_batch1,92,137,95,28.54,1.9,2.23,8.333333333,-0.839976874
2019-20,1,145,4,D-11924,S2C7_batch1,91,137,70,23.63,2.03,2.85,10,-0.678578555
2019-20,1,147,4,D-9977,S4H1_batch1,91,152,103,25.41,1.67,2.15,16.66666667,-0.032985281
2019-20,1,148,4,BO-17,S4B8_batch1,93,130,138,42.17,2.4,2.2,18.33333333,0.128413037
2019-20,1,149,4,CHEN-391,S3H4_batch1,91,159,109,30.15,1.67,2.7,16.66666667,-0.032985281
2019-20,1,check8,4,Check,NA,93,139,132,31,2,2.34,44.12,2.625567822
2019-20,1,151,4,D-12179,S4E2_batch1,97,141,NA,34.56,1.96,2.6,18,0.096133374
2019-20,1,152,4,D-12397,S2D11_batch1,100,159,108,39.63,2.13,3.29,8.333333333,-0.839976874
2019-20,1,153,4,CHEN-218,S2F2_batch1,93,159,96,36.75,2,3,21.66666667,0.451209675
2019-20,1,155,4,D-12002,NA,92,139,89,39.6,1.87,2.8,3.333333333,-1.32417183
2019-20,1,156,4,BO-30,S2F5_batch1,93,138,NA,NA,NA,NA,NA,NA
2019-20,1,check9,4,Check,NA,NA,139,121,32,1.98,2.65,40.63,2.287599743
2019-20,1,160,4,Ames-13748,S2H5_batch1,91,159,87,30.74,2.03,3.01,18.33333333,0.128413037
2019-20,1,161,4,Ames-13751,S2C6_batch1,91,133,81,32.43,2.1,3.4,13.33333333,-0.355781919
2019-20,1,162,4,D-12424,S3D7_batch1,93,159,94,31.34,1.9,3.1,21.66666667,0.451209675
2019-20,1,163,4,D-12258,KATA1E7_RF5,100,147,122,21.43,1.73,2.3,11.66666667,-0.517180237
2019-20,1,164,4,Ames-13734,S1B3_batch1,91,143,121,24.54,1.96,2.31,11.66666667,-0.517180237
2019-20,1,169,4,Ames-13729,S736_batch3,95,159,97,33.64,1.87,2.5,10,-0.678578555
2019-20,1,170,4,CHEN-69,S4C6_batch1,92,151,33,16.59,1.97,3.1,6.666666667,-1.001375193
2019-20,1,172,5,CHEN-71,S2C9_batch1,91,137,105,41.41,1.6,2,23.33333333,0.612607993
2019-20,1,173,5,CHEN-162,S2A8_batch1,91,159,118,38.32,1.97,2.45,8.333333333,-0.839976874
2019-20,1,174,5,PI-634924,S1H9_batch1,91,159,103,38.17,2.03,3.4,20,0.289811356
2019-20,1,175,5,D-11889,S2C10_batch1,91,152,120,35.53,2.1,2.1,16.66666667,-0.032985281
2019-20,1,176,5,D-12060,S3A9_batch1,93,149,NA,NA,1.6,1.55,8.333333333,-0.839976874
2019-20,1,178,5,CHEN-425,S4G6_batch1,93,145,100,32.47,1.9,2.6,11.66666667,-0.517180237
2019-20,1,179,5,D-12014,NA,91,145,90,38.74,1.97,3.05,16.66666667,-0.032985281
2019-20,1,180,5,BO-40,S1H6_batch1,90,152,157,57.6,2.06,2.7,20,0.289811356
2019-20,1,181,5,PI-614928,S224_batch3,90,140,120,27.5,1.93,2.1,16.66666667,-0.032985281
2019-20,1,182,5,CHEN-109,S4A8_batch1,91,131,108,33.46,1.93,3,13.33333333,-0.355781919
2019-20,1,183,5,D-12362,S4D6_batch1,93,134,77,24.34,1.83,1.8,5,-1.162773511
2019-20,1,184,5,NSL-106398,NA,90,138,67,19.41,1.97,2.8,8.333333333,-0.839976874
2019-20,1,185,5,BO-11,S4H9_batch1,90,131,111,39.33,2.06,2.75,11.66666667,-0.517180237
2019-20,1,186,5,BO-63,S2F11_batch1,91,131,73,36.41,1.87,2.8,23.33333333,0.612607993
2019-20,1,187,5,CHEN-140,S3E4_batch1,92,164,134,60.72,1.87,1.01,13.33333333,-0.355781919
2019-20,1,188,5,CHEN-199,S3D8_batch1,93,161,78,27.82,1.93,2.7,20.66666667,0.354370684
2019-20,1,190,5,CHEN-297,S3E7_batch1,91,145,107,31.41,1.97,3,20,0.289811356
2019-20,1,191,5,BO-60,S3D6_batch1,90,131,77,36.52,2,2.75,26.66666667,0.935404631
2019-20,1,192,5,BO-51,S2G10_batch1,90,138,78,24.64,1.67,2.7,8.333333333,-0.839976874
2019-20,1,check10,5,Check,NA,93,139,123,31.5,1.99,2.47,41.44,2.366039326
2019-20,1,194,5,CHEN-33,S1F9_batch1,90,137,88,39.65,1.93,3.15,20,0.289811356
2019-20,1,195,5,CHEN-144,S4E11_batch1,91,142,90,29.71,1.86,1.9,21.66666667,0.451209675
2019-20,1,197,5,Ames-13755,S2E4_batch1,91,155,117,44.84,2.03,3.1,31.66666667,1.419599586
2019-20,1,198,5,D-11936,NA,93,NA,156,NA,NA,NA,NA,NA
2019-20,1,199,5,D-12222,S4D7_batch1,90,NA,65,NA,NA,NA,NA,NA
2019-20,1,201,5,CHEN-415,S2H2_batch1,92,165,132,38.64,1.76,1.75,8.333333333,-0.839976874
2019-20,1,202,5,CHEN-151,S4A1_batch1,91,159,101,37.52,1.83,2.6,40,2.226591179
2019-20,1,203,5,Cherry-Vanilla,S3H6_batch1,91,144,106,40.41,2.13,3.25,40,2.226591179
2019-20,1,204,5,Kamiri,S4D10_batch1,91,NA,97,NA,NA,NA,NA,NA
2019-20,1,206,5,CHEN-423,NA,90,167,NA,44.62,1.86,NA,15,-0.1943836
2019-20,1,207,5,D-12079,S2B3_batch1,93,145,NA,NA,NA,NA,NA,NA
2019-20,1,209,5,D-12027,S4B1_batch1,91,152,NA,NA,NA,NA,NA,NA
2019-20,1,210,5,PI-634917,NA,91,135,108,30.34,2.16,2.9,23,0.580328329
2019-20,1,211,5,CHEN-450,S3F4_batch1,91,145,97,32.41,1.97,2.95,10,-0.678578555
2019-20,1,212,5,Ames-13724,NA,93,160,112,28.52,1.97,3.05,48.33333333,3.033582772
2019-20,1,214,5,D-12122,S4A4_batch1,91,163,108,34.63,1.95,2.6,26.66666667,0.935404631
2019-20,1,215,5,CHEN-142,NA,90,176,NA,4.75,1.76,1.82,10,-0.678578555
2019-20,1,check11,5,Check,NA,93,139,120.3,34.12,1.98,2.3,40.16,2.242085418
2019-20,1,216,5,PI-614880,S2B1_batch1,91,145,97,27.71,1.56,2.6,13.33333333,-0.355781919
2019-20,1,217,6,PI-665272,S4D1_batch1,91,137,95,28.82,1.8,2.65,5,-1.162773511
2019-20,1,check12,6,Check,NA,93,139,120.3,34.12,1.93,2.3,40.16,2.242085418
2019-20,1,218,6,PI-665275,NA,102,137,NA,34.43,NA,NA,13.33333333,-0.355781919
2019-20,1,219,6,PI-665277,S4E8_batch1,91,155,88,34.52,1.89,2.6,18.33333333,0.128413037
2019-20,1,220,6,PI-674266,S3G6_batch1,110,165,NA,NA,NA,NA,NA,NA
2019-20,1,222,6,PI-614915,S4D5_batch1,90,135,88,34.71,1.8,2.7,11.66666667,-0.517180237
2019-20,1,223,6,Ames-13733,S2D9_batch1,90,135,107,28.85,2,2.4,11.66666667,-0.517180237
2019-20,1,224,6,Ames-13753,S1G6_batch1,92,141,110,31.73,2.03,2.65,26.66666667,0.935404631
2019-20,1,225,6,PI-510542,NA,91,137,98,33.54,1.93,2.8,30,1.258201267
2019-20,1,226,6,PI-510537,S4A5_batch1,91,137,110,27.61,1.96,2.5,16.66666667,-0.032985281
2019-20,1,227,6,Ames-13759,S757_batch3,91,137,133,40.72,1.9,2.88,28.33333333,1.096802949
2019-20,1,228,6,Ames-13756,NA,91,137,106,33.84,1.9,2.6,6.666666667,-1.001375193
2019-20,1,229,6,Ames-13762,NA,91,137,106,38.32,1.8,2.5,15,-0.1943836
2019-20,1,230,6,D-12205,S1C3_batch1,91,140,90,30.64,1.9,2.55,28.33333333,1.096802949
2019-20,1,231,6,Titicaca,S4B6_batch1,92,131,80,31.72,1.97,3.2,11.66666667,-0.517180237
2019-20,1,232,6,Ames-13754,S2G4_batch1,91,138,84,26.43,2,2.75,11.66666667,-0.517180237
2019-20,1,234,6,Ames-13730,S1C8_batch1,93,138,69,23.54,2.4,3.6,28.33333333,1.096802949
2019-20,1,235,6,Ames-13726,S1D11_batch1,93,131,69,30.67,2.06,2.75,8.87,-0.788006615
2019-20,1,236,6,PI-510539,S5C12_batch2,91,146,109,33.41,1.73,2.15,10,-0.678578555
2019-20,1,237,6,Redhead,S2D3_batch1,90,131,105,35.54,2.16,3.44,18.33333333,0.128413037
2019-20,1,check13,6,Check,NA,93,139,150,38.63,1.97,2.64,46.75,2.880254369
2019-20,1,238,6,Ames-13742,S4F8_batch1,91,160,117,40.72,2.03,2.75,16.66666667,-0.032985281
2019-20,1,239,6,Ames-13757,S3D5_batch1,91,160,110,47.81,1.93,2.2,23.33333333,0.612607993
2019-20,1,240,6,PI-596498,S2F7_batch1,93,160,79,28.93,1.9,2.3,5,-1.162773511
2019-20,1,241,6,PI-510551,S4E5_batch1,93,160,65,24.87,1.97,2.5,8.333333333,-0.839976874
2019-20,1,245,6,PI-510541,S5E10_batch2,91,160,117,46.52,1.76,2.75,38.33333333,2.06519286
2019-20,1,247,6,PI-478414,S4E7_batch1,91,152,102,39.12,1.83,2.1,6.666666667,-1.001375193
2019-20,1,248,6,PI-478410,NA,91,137,116,36.3,1.83,2.4,23.33333333,0.612607993
2019-20,1,250,6,PI-634921,KATA2G7_RA5,91,160,76,26.41,2.2,3.05,13.33333333,-0.355781919
2019-20,1,251,6,PI-614934,S4G5_batch1,93,134,NA,NA,NA,NA,NA,NA
2019-20,1,252,6,Moroccan Yellow,S1F1_batch1,93,NA,77,NA,NA,NA,NA,NA
2019-20,1,253,6,Bouchane-3,S1E1_batch1,91,131,59,29.21,1.86,3.3,9.956666667,-0.682774912
2019-20,1,254,6,ICBA-Q5,S1C1_batch1,93,131,104,36.4,1.9,3.3,7.143333333,-0.955215274
2019-20,1,255,6,CHEN-298,S1G2_batch1,93,154,NA,51.31,2,2.53,25,0.774006312
2019-20,1,256,6,CHEN-420,S1H3_batch1,93,158,NA,34.41,1.92,1.98,3.333333333,-1.32417183
2019-20,1,261,7,Oro-de-Valle,S1D6_batch1,90,129,102,30.21,1.93,3.2,18.33333333,0.128413037
2019-20,1,265,7,D-12087,S1D8_batch1,90,131,116,29.75,1.93,2.95,18.33333333,0.128413037
2019-20,1,266,7,Vikinga,S1E9_batch1,91,137,NA,34.54,1.78,1.89,2.846666667,-1.371300139
2019-20,1,274,7,BO-03,S2G2_batch1,93,NA,NA,5.12,1.86,3.12,3.89,-1.270264791
2019-20,1,279,7,Bouchane-4,S2E5_batch1,91,131,62,31.41,1.83,1.75,30,1.258201267
2019-20,1,280,7,PI-614883,S2D5_batch1,91,131,40,22.11,1.9,3.12,1.253333333,-1.525596931
2019-20,1,271,7,Nde-09,S4G8_batch1,93,160,71,19.12,2,2.9,7.41,-0.929391543
2019-20,1,check14,7,Check,NA,93,139,134,35.86,2,2.5,46.76,2.881222759
2019-20,1,293,7,CHEN-225,S2G11_batch1,90,147,146,41.31,1.93,1.9,11.66666667,-0.517180237
2019-20,1,294,7,BO-42,S2E11_batch1,94,136,130,29.42,1.93,2.2,13.33333333,-0.355781919
2019-20,1,298,7,D-11953,S4A9_batch1,91,160,128,30.44,2.03,2.5,15,-0.1943836
2019-20,1,299,7,D-12431,S3G1_batch1,91,137,130,46.55,1.6,2,11.66666667,-0.517180237
2019-20,1,check15,7,Check,NA,93,NA,122,31.3,1.93,2.49,44.32,2.644935621
2019-20,1,301,7,D-12181,S3G3_batch1,92,160,86,27.41,2,2.75,18.33333333,0.128413037
2019-20,1,check16,8,Check,NA,93,140,120.3,34.12,1.97,2.3,40.16,2.242085418
2019-20,1,302,8,CHEN-89,S3A3_batch1,93,NA,NA,NA,NA,NA,NA,NA
2019-20,1,303,8,NSL-92331,S3B4_batch1,91,145,91,28.41,2.06,2.45,15,-0.1943836
2019-20,1,304,8,CHEN-302,S3G5_batch1,91,145,92,26.4,1.93,2.8,10,-0.678578555
2019-20,1,305,8,CHEN-416,S3F5_batch1,91,160,126,40.5,1.9,2.7,18.33333333,0.128413037
2019-20,1,307,8,Bouchane-2,S3B6_batch1,91,145,109,30.47,1.97,2.35,10,-0.678578555
2019-20,1,308,8,Bouchane-1,S3A6_batch1,93,131,88,36.32,2.03,3,23.33333333,0.612607993
2019-20,1,309,8,ICBA-Q3,S3H7_batch1,90,160,150,46.41,2.1,3.22,30,1.258201267
2019-20,1,310,8,CHEN-182,S3G8_batch1,91,145,95,27.31,1.7,1.95,8.333333333,-0.839976874
2019-20,1,311,8,D-12251,S3F8_batch1,91,145,99,23,1.76,2.15,13.33333333,-0.355781919
2019-20,1,312,8,D-11986,S3B8_batch1,93,NA,NA,NA,NA,NA,NA,NA
2019-20,1,313,8,PI-614914,S3A8_batch1,93,142,NA,NA,NA,NA,NA,NA
2019-20,1,314,8,CHEN-141,S3H9_batch1,92,131,80,29.61,1.83,2.65,10,-0.678578555
2019-20,1,315,8,D-12415,NA,91,131,86,29.72,2,2.85,15,-0.1943836
2019-20,1,316,8,CHEN-299,S3B9_batch1,92,131,60,24.12,1.93,2.35,15,-0.1943836
2019-20,1,317,8,CICA-127,S3H10_batch1,93,160,102,25.14,1.8,2.45,3.333333333,-1.32417183
2019-20,1,318,8,D-10003,S3F10_batch1,93,160,75,29.13,1.7,2.65,15,-0.1943836
2019-20,1,319,8,CHEN-417,NA,91,160,132,37.14,1.97,2.55,28.33333333,1.096802949
2019-20,1,320,8,D-12359,NA,91,131,103,25.47,1.83,3.05,11.66666667,-0.517180237
2019-20,1,321,8,Ratuqui,S3D11_batch1,91,160,118,47.57,2.16,3.5,23.33333333,0.612607993
2019-20,1,322,8,G-205-95,NA,91,138,94,25.61,2.13,2.7,8.666666667,-0.80769721
2019-20,1,check17,8,Check,NA,93,139,110.6,34.39,2,2.47,39.89,2.21593889
2019-20,1,323,8,CHEN-413,S4H10_batch1,91,135,107,35.82,2.57,2.7,30,1.258201267
2019-20,1,325,8,D-11935,S4A10_batch1,102,NA,NA,NA,NA,NA,NA,NA
2019-20,1,326,8,CHEN-339,S4G1_batch1,91,145,116,38.14,2.01,4.01,15,-0.1943836
2019-20,1,327,8,D-9998,S4E1_batch1,98,NA,NA,NA,NA,NA,NA,NA
2019-20,1,328,8,CHEN-383,S4C1_batch1,93,NA,NA,NA,NA,NA,NA,NA
2019-20,1,329,8,D-11927,S4H2_batch1,91,139,NA,40.51,1.97,1.2,30.32,1.289189745
2019-20,1,330,8,D-12182,S4F2_batch1,91,135,NA,34.65,2.04,1.87,27,0.967684294
2019-20,1,333,8,G-205,S4B3_batch1,90,160,120,35.61,1.93,2.9,21.66666667,0.451209675
2019-20,1,334,8,CHEN-376,S4A3_batch1,91,NA,NA,NA,NA,NA,NA,NA
2019-20,1,335,8,CHEN-112,S4F4_batch1,91,136,102,29.72,2.1,2.05,6.666666667,-1.001375193
2019-20,1,337,8,CHEN-161,S4G7_batch1,90,NA,NA,NA,NA,NA,NA,NA
2019-20,1,338,8,D-12021,S3C2_batch1,92,130,102,32.32,1.97,2.6,11.66666667,-0.517180237
2019-20,1,339,8,D-12172,NA,91,132,130,40.42,1.7,1.9,11.66666667,-0.517180237
2019-20,1,340,8,CHEN-333,S4D4_batch1,93,NA,NA,NA,NA,NA,NA,NA
2019-20,1,342,8,D-12081,S4H5_batch1,93,131,NA,47.71,1.87,3.12,18.55,0.149394819
2019-20,1,343,9,Regalona,S1C5_batch1,93,137,44,18.85,1.77,2.7,5,-1.162773511
2019-20,1,344,9,PI-614888,S50_batch3,92,137,69,33.74,1.97,2.6,18.33333333,0.128413037
2019-20,1,345,9,D-9984,NA,91,148,136,48.35,2.16,3.2,16.66666667,-0.032985281
2019-20,1,346,9,CHEN-471,KATA3A1_RA5,98,NA,NA,NA,NA,NA,NA,NA
2019-20,1,347,9,PI-614889,S1D1_batch1,91,141,110,43.42,1.97,2.65,23.33333333,0.612607993
2019-20,1,348,9,Salcedo-Inia,S754_batch3,90,141,102,25.32,1.97,2.45,11.66666667,-0.517180237
2019-20,1,349,9,Ames-13745,S1E6_batch1,91,141,109,32.41,1.97,3.25,11.66666667,-0.517180237
2019-20,1,350,9,D-12034,S5E1_batch2,91,159,75,23.53,1.96,4.06,11.88333333,-0.496198456
2019-20,1,351,9,D-12038,S3D2_batch2,91,137,81,22.61,1.97,2.6,15,-0.1943836
2019-20,1,352,9,PI-614884,S2H7_batch1,91,145,110,31.14,1.88,2.55,13.33333333,-0.355781919
2019-20,1,353,9,Ames-13737,S4F11_batch1,90,145,90,30.25,2.03,2.55,11.66666667,-0.517180237
2019-20,1,354,9,D-11965,S2E10_batch1,91,159,108,30.31,1.87,3.15,13.33333333,-0.355781919
2019-20,1,355,9,Ames-13721,S1F6_batch1,NA,138,NA,30.18,1.92,1.98,8.743333333,-0.800272888
2019-20,1,356,9,D-12253,S4C7_batch1,93,135,90,34.41,1.8,1.45,5,-1.162773511
2019-20,1,357,9,CHEN-400,S4B5_batch1,91,138,84,24.12,1.95,3.05,6.666666667,-1.001375193
2019-20,1,358,9,BO-29,S203_batch3,91,160,90,26.13,1.9,2.4,15,-0.1943836
2019-20,1,359,9,D-12183,S2A1_batch1,91,141,110,35.27,1.97,2.85,18.41,0.13583736
2019-20,1,360,9,03-21-072RM,S3H3_batch1,90,139,76,23.19,1.9,3,16.66666667,-0.032985281
2019-20,1,361,9,PI-634918,S3E5_batch1,91,137,63,19.34,1.9,2.2,6.666666667,-1.001375193
2019-20,1,363,9,D-11973,S3F9_batch2,91,138,118,31.47,1.87,3.56,24.12,0.688788
2019-20,1,check18,9,Check,NA,93,139,114,26.57,1.9,2.4,36.57,1.894433439
2019-20,1,364,9,D-12074,S3A10_batch1,91,145,143,34.19,2.2,3.4,10,-0.678578555
2019-20,1,365,9,Ames-13740,S2E6_batch1,91,138,84,31.57,1.9,3.15,13.33333333,-0.355781919
2019-20,1,366,9,CHEN-205,S2B5_batch1,91,138,122,29.85,1.87,1.85,6.666666667,-1.001375193
2019-20,1,367,9,PI-614927,S1B1_batch1,92,138,90,30.74,2.1,2.45,15,-0.1943836
2019-20,1,368,9,PI-665273,S7A4_batch2,91,138,81,24.15,2.23,2.85,11.66666667,-0.517180237
2019-20,1,369,9,Ames-13738,S1F7_batch1,93,138,105,31.24,2,2.4,8.333333333,-0.839976874
2019-20,1,370,9,PI-614932,S7E4_batch2,91,138,72,24.29,1.97,2.85,8.333333333,-0.839976874
2020-21,1,1,6,CHEN-5,S1D4_batch1,78,126,73,30,1.8,2.45,35,1.085580642
2020-21,1,2,6,PI-614882,S4D9_batch1,81,132,122,62,1.8,3.04,60,3.476178182
2020-21,1,3,6,D-12162,S4D11_batch1,82,NA,156,34,NA,NA,NA,NA
2020-21,1,4,6,PI-614885,S1C9_batch1,78,132,83,40,2.2,2.86,26,0.224965528
2020-21,1,5,6,D-12341,NA,78,147,131,30,1.9,2.83,31.66666667,0.766834304
2020-21,1,6,6,PI-584524,S1B9_batch1,81,146,133,43,1.8,2.73,18.33333333,-0.508151051
2020-21,1,7,6,CHEN-398,NA,80,136,90,30,2.1,3.13,17.66666667,-0.571900318
2020-21,1,8,6,CHEN-160,NA,82,138,99,40,1.8,2.6,41.66666667,1.72307332
2020-21,1,9,6,Ames-13749,S1H7_batch1,83,132,93,44,1.9,3.44,53.33333333,2.838685504
2020-21,1,10,6,CHEN-119,S1D5_batch2,84,138,146,47,1.15,2.5,38.33333333,1.404326981
2020-21,1,11,6,BO-16,S1A9_batch1,81,127,95,40,2.2,2.9,35,1.085580642
2020-21,1,12,6,D-12405,S1H10_batch1,84,132,114,45,2.4,3.1,46.66666667,2.201192828
2020-21,1,13,6,D-12354,S2F10_batch1,81,128,52,22,2.1,2.8,16.66666667,-0.66752422
2020-21,1,14,6,BO-58,S1A8_batch1,82,128,62,24,2.1,2.92,13.33333333,-0.986270559
2020-21,1,15,6,PI-510532,S3E10_batch1,81,128,71,35,2.3,3,25,0.129341627
2020-21,1,16,6,LP,S2H10_batch1,81,152,90,38,2.1,2.83,13.33333333,-0.986270559
2020-21,1,17,6,PI-614920,S4F9_batch1,81,128,90,44,2.15,3.4,26.66666667,0.288714796
2020-21,1,18,6,D-11943,S2B9_batch1,82,132,61,33,1.7,3.06,16.66666667,-0.66752422
2020-21,1,19,6,PUC-mix-red,KATA1A4_RH5,82,132,112,47,2,2.86,53.33333333,2.838685504
2020-21,1,check1,6,Check,NA,84,149,NA,37,1.9,2.4,33.33333333,0.926207473
2020-21,1,21,6,D-9976,NA,90,168,181,49,NA,NA,NA,NA
2020-21,1,22,6,D-11980,S1E2_batch1,84,153,172,45,2.1,2.75,26.66666667,0.288714796
2020-21,1,23,6,D-12184,S1G11_batch1,84,151,75,27,1.85,2.3,11.66666667,-1.145643728
2020-21,1,24,6,PI-614907,S7H3_batch2,80,132,72,29,2.1,2.46,13.33333333,-0.986270559
2020-21,1,25,6,D-12320,S4H8_batch1,81,131,104,42,1.9,3.12,35,1.085580642
2020-21,1,26,6,CHEN-174,S4B9_batch1,89,NA,152,34,NA,NA,NA,NA
2020-21,1,27,6,CHEN-192,S3B2_batch2,78,153,81,29,1.9,2.62,21.66666667,-0.189404712
2020-21,1,28,6,Ames-13760,S1G10_batch1,83,132,112,46,2.05,2.34,35,1.085580642
2020-21,1,29,6,PI-614887,S1H5_batch1,83,133,116,45,2.1,3.35,53.33333333,2.838685504
2020-21,1,30,6,BO-46-2,S2D1_batch1,85,156,101,41,1.82,2.36,32.66666667,0.862458206
2020-21,1,31,6,Ames-13722,S1C6_batch1,81,132,92,38,2.05,3.01,30,0.607461134
2020-21,1,32,6,CHEN-220,S2B10_batch1,81,131,90,37,2.2,2.82,29,0.511837233
2020-21,1,33,6,NSL-86628,S1A5_batch1,84,133,124,45,2.2,3.02,50,2.519939166
2020-21,1,34,6,Ames-13723,KATRC10,82,139,63,35,2.25,3.35,33.33333333,0.926207473
2020-21,1,35,6,Ames-13727,S1G9_batch1,83,132,86,31,2.3,2.49,11.66666667,-1.145643728
2020-21,1,36,6,Ames-13743,S1B8_batch1,79,132,107,40,2.2,3.46,33.33333333,0.926207473
2020-21,1,37,6,PI-478418,S3B5_batch1,78,128,80,34,2,2.77,21.66666667,-0.189404712
2020-21,1,38,6,CHEN-427,S3H8_batch1,78,129,129,50,2.5,3.92,42.66666667,1.818697221
2020-21,1,39,6,CHEN-465,S1D2_batch1,79,156,83,32,2.1,2.77,36.66666667,1.244953812
2020-21,1,40,6,D-12176,S2H8_batch1,83,167,142,44,1.8,2.18,21.66666667,-0.189404712
2020-21,1,check2,6,Check,NA,81,143,NA,38,1.88,2.5,31.66666667,0.766834304
2020-21,1,41,6,PI-614931,S8F14_batch2,80,147,86,36,2.4,3.69,21.66666667,-0.189404712
2020-21,1,42,6,D-12220,S1H4_batch1,83,132,79,36,1.9,2.41,26.66666667,0.288714796
2020-21,1,45,6,CHEN-397,S3D10_batch1,83,168,145,36,2,1.89,12.66666667,-1.050019826
2020-21,1,46,6,BO-13,S1D10_batch1,82,156,106,33,1.8,2.21,14,-0.922521291
2020-21,1,47,6,KU-2,S517_batch3,79,132,24,29,1.8,2.25,17,-0.635649586
2020-21,1,48,6,D-12020,S4H4_batch1,80,NA,172,45,2.8,2.93,26.66666667,0.288714796
2020-21,1,49,6,PI-634925,S2H3_batch1,79,127,175,34,2.01,2.8,20,-0.348777881
2020-21,1,50,6,CHEN-451,S5B1_batch2,79,128,84,33,2,2.5,13.33333333,-0.986270559
2020-21,1,51,6,D-12177,S3A7_batch1,95,NA,130,38,NA,NA,NA,NA
2020-21,1,52,6,D-12389,S4D3_batch1,78,136,88,36,1.9,2.4,14.33333333,-0.890646657
2020-21,1,53,6,PI-510536,S5C9_batch2,80,123,65,30,2.2,3.19,26.66666667,0.288714796
2020-21,1,54,6,D-12268,S3C7_batch1,80,132,99,38,2.1,3.32,26,0.224965528
2020-21,1,55,6,PI-614919,S4F1_batch1,85,135,88.8,39,NA,NA,NA,NA
2020-21,1,56,6,D-12309,S3E3_batch1,81,147,137,54,2.1,2.9,30,0.607461134
2020-21,1,57,6,Ames-13735,S1B6_batch1,82,159,87,35,1.8,1.97,30,0.607461134
2020-21,1,58,6,Ames-13758,S744_batch3,85,167,93,32,1.9,2.4,16.66666667,-0.66752422
2020-21,1,59,6,D-12393,S3C4_batch1,79,156,105,37,2,2.55,37,1.276828445
2020-21,1,60,6,CHEN-389,S1A7_batch1,85,154,124,40,2,2,15,-0.826897389
2020-21,1,check3,6,Check,NA,83,151,NA,39,1.9,2.44,35,1.085580642
2020-21,1,61,6,Brightest-Brilliant-Rainbow,S1G5_batch1,81,134,80,33,2.1,2.9,26,0.224965528
2020-21,1,62,6,Ames-13750,S2D4_batch1,81,147,86,26,2.1,2.8,25,0.129341627
2020-21,1,63,6,D-12350,S3C5_batch1,79,119,53,18,1.9,2.2,15,-0.826897389
2020-21,1,64,6,D-12329,S3G9_batch1,78,126,93,32,2.2,3.15,28.33333333,0.448087965
2020-21,1,65,6,D-12243,S1C2_batch1,81,132,96,28,2.1,3.55,18.33333333,-0.508151051
2020-21,1,66,6,D-12395,S4F7_batch1,79,156,90,33,2.1,2.96,24,0.033717725
2020-21,1,67,6,D-12279,S3A5_batch1,NA,146,104,32,1.76,2.2,30,0.607461134
2020-21,1,68,6,D-12420,S1A3_batch1,79,146,162,41,2,3.28,31.66666667,0.766834304
2020-21,1,70,6,CHEN-470,S1F5_batch1,83,165,99,30,1.85,2.15,14,-0.922521291
2020-21,1,71,6,D-9981,NA,79,136,83,33,2.2,2.98,21.66666667,-0.189404712
2020-21,1,72,6,D-12377,S6B14_batch2,79,147,123,45,1.9,2.8,25,0.129341627
2020-21,1,73,6,CHEN-354,S3F3_batch1,95,NA,140,30,NA,NA,NA,NA
2020-21,1,74,6,BO-55,S1G1_batch1,81,137,90,30,2.15,3.41,33.33333333,0.926207473
2020-21,1,75,6,D-12387,S2C5_batch1,80,119,51,15,2,2.8,21.66666667,-0.189404712
2020-21,1,76,6,D-12037,S1F8_batch1,78,134,81,28,2.1,3.11,15,-0.826897389
2020-21,1,77,6,D-12223,NA,81,137,94,32,2.2,2.78,17.33333333,-0.603774953
2020-21,1,78,6,D-12196,S1F2_batch1,80,137,58,19,1.9,2.57,15,-0.826897389
2020-21,1,79,6,CHEN-348,NA,82,166,141,34,2,1.71,10,-1.305016897
2020-21,1,80,6,CHEN-64,S2F3_batch1,82,132,60,26,2,2.56,10,-1.305016897
2020-21,1,check4,6,Check,NA,86,151,NA,41,2,2.44,33,0.894332839
2020-21,1,81,7,PI-510547,NA,78,147,84,30,2.2,3.2,21.66666667,-0.189404712
2020-21,1,82,7,D-12409,S2D10_batch1,78,119,109,50,2.9,3.41,36.66666667,1.244953812
2020-21,1,83,7,Ames-13719,NA,78,119,80,48,2.05,2.75,21.66666667,-0.189404712
2020-21,1,84,7,PI-634919,S2H11_batch1,79,135,118,50,2.05,3.06,23.33333333,-0.030031543
2020-21,1,85,7,PI-634923,NA,78,118,122,54,2.1,2.71,37,1.276828445
2020-21,1,86,7,PI-665276,S847_batch3,81,132,91,44,1.8,3.06,26.66666667,0.288714796
2020-21,1,87,7,Ames-13744,S1A6_batch1,79,124,97,67,2.2,3.34,48.33333333,2.360565996
2020-21,1,88,7,CICA-17,S5G2_batch2,82,146,93,36,2.8,2.96,38.33333333,1.404326981
2020-21,1,89,7,PAL,NA,83,NA,106,40,NA,NA,NA,NA
2020-21,1,90,7,D-12225,NA,79,NA,143,51,NA,NA,NA,NA
2020-21,1,91,7,CHEN-291,S1E5_batch1,79,NA,198,40,NA,NA,NA,NA
2020-21,1,92,7,CHEN-222,S2G3_batch1,78,125,90,56,2.1,2.95,33.33333333,0.926207473
2020-21,1,93,7,CHEN-344,S3H5_batch1,81,167,121,41,1.7,1.9,8.333333333,-1.464390067
2020-21,1,94,7,PI-614881,S4F10_batch1,85,167,153,46,1.8,2.65,32,0.798708938
2020-21,1,95,7,D-12282,S4C8_batch1,79,122,83,31,2,3.38,25,0.129341627
2020-21,1,97,7,EMBRAPA-Brazil,S4A7_batch1,86,132,79,38,1.7,3.1,14.66666667,-0.858772023
2020-21,1,98,7,RU-5,S1D5_batch1,79,118,64,40,2.7,3.1,40,1.56370015
2020-21,1,check5,7,Check,NA,83,149,NA,36,1.9,2.44,28.66666667,0.479962599
2020-21,1,101,7,D-12214,NA,79,167,118,37,1.47,2,15,-0.826897389
2020-21,1,102,7,Ames-13732,S3F1_batch1,84,153,78,32,NA,1.99,18.33333333,-0.508151051
2020-21,1,103,7,D-12058,S6C8_batch2,85,156,99,30,1.08,2.65,26.66666667,0.288714796
2020-21,1,105,7,PUC-mix-green,S1G8_batch1,83,144,110,50,2.1,3.35,81.66666667,5.548029383
2020-21,1,107,7,CHEN-256,S2A5_batch1,82,NA,140,37,1.6,1.29,9,-1.400640799
2020-21,1,109,7,D-12175,S1E11_batch1,79,165,120,43,1.8,2,14.66666667,-0.858772023
2020-21,1,110,7,CHEN-384,S4G10_batch1,82,134,104,30,1.88,2.35,14.66666667,-0.858772023
2020-21,1,111,7,NSL-86649,S2E1_batch1,84,119,87,48,1.85,3.05,28.33333333,0.448087965
2020-21,1,112,7,D-12135,S4C10_batch1,83,143,102,35,2,2.9,29.33333333,0.543711866
2020-21,1,113,7,CHEN-430,S3D3_batch1,78,142,103,35,1.8,2.8,30,0.607461134
2020-21,1,114,7,Ames-13739,NA,78,132,77,33,2.05,3.05,28.33333333,0.448087965
2020-21,1,115,7,CHEN-7,S3C1_batch1,88,160,146,50,1.8,1.91,14.66666667,-0.858772023
2020-21,1,116,7,CHEN-221,NA,86,167,184,51,NA,NA,NA,NA
2020-21,1,117,7,D-12229,S4H11_batch1,89,160,143,40,1.9,1.85,11.66666667,-1.145643728
2020-21,1,118,7,D-12166,S2G8_batch1,81,NA,130,51,2,2.95,23.66666667,0.001843091
2020-21,1,119,7,CHEN-382,S1C10_batch1,83,125,89,23,NA,NA,17.33333333,-0.603774953
2020-21,1,120,7,D-12082,S4H3_batch1,80,118,76,45,1.7,3.1,30,0.607461134
2020-21,1,check6,7,Check,NA,83,151,NA,39,2,2.5,37,1.276828445
2020-21,1,121,7,D-12120,S3B3_batch1,82,136,137,50,2.1,2.9,38.33333333,1.404326981
2020-21,1,124,7,D-10004,KATA3G2RH10,79,123,88,31,2,3.35,15.33333333,-0.795022756
2020-21,1,125,7,Javi,S1E3_batch1,79,118,75,45,2,2.7,28.33333333,0.448087965
2020-21,1,126,7,BO-31,S14_batch3,84,120,71,48,1.75,2.1,26.66666667,0.288714796
2020-21,1,127,7,CHEN-126,S1E8_batch1,80,145,91,42,2.1,2.4,26.66666667,0.288714796
2020-21,1,128,7,D-12123,S3B1_batch1,87,133,122,35,NA,2.9,48,2.328691363
2020-21,1,129,7,CHEN-90,S1B5_batch1,88,NA,174,35,NA,NA,NA,NA
2020-21,1,130,7,D-12256,S3E9_batch1,78,134,103,32,1.9,2.9,15,-0.826897389
2020-21,1,131,7,PI-634920,NA,83,136,94,30,1.8,2.51,14.66666667,-0.858772023
2020-21,1,132,7,CHEN-429,S4C2_batch1,83,166,172,58,1.95,2.6,16.66666667,-0.66752422
2020-21,1,133,7,CHEN-390,S4D2_batch1,83,166,139,26,1.9,2.36,14.66666667,-0.858772023
2020-21,1,134,7,D-12363,S3E11_batch1,78,156,90,34,1.95,2.75,18.66666667,-0.476276417
2020-21,1,135,7,CHEN-330,S4E6_batch1,84,167,128,39,1.8,2.3,17.33333333,-0.603774953
2020-21,1,136,7,D-12036,S1F3_batch1,88,139,138,44,2.15,3.1,60,3.476178182
2020-21,1,137,7,D-11918,S4F3_batch1,83,151,63,29,1.9,2.05,11.33333333,-1.177518362
2020-21,1,138,7,CHEN-92,S1B3_batch2,77,132,93,35,2.3,3.3,20,-0.348777881
2020-21,1,139,7,Baer-II,S1G3_batch1,83,122,61,30,1.8,2.15,10,-1.305016897
2020-21,1,140,7,Ames-13761,S2G6_batch1,84,124,77,40,2.1,3.65,19,-0.444401783
2020-21,1,check7,7,Check,NA,84,147,NA,39,1.95,2.6,29.66666667,0.575586501
2020-21,1,141,7,D-12114,S3D9_batch1,80.5,118,71,40,1.7,2.45,18.33333333,-0.508151051
2020-21,1,142,7,CHEN-358,S4A2_batch1,87,178,146,42,1.9,1.9,12,-1.113769094
2020-21,1,143,7,CHEN-342,S2E7_batch1,80,167,116,31,1.8,2.05,13.33333333,-0.986270559
2020-21,1,144,7,Ames-13731,S2A4_batch1,83,132,113,43,2.1,3.05,26.66666667,0.288714796
2020-21,1,145,7,D-11924,S2C7_batch1,82,132,116,41,2.2,3.4,15,-0.826897389
2020-21,1,146,7,D-9993,NA,80,132,105,45,2,3.15,33.33333333,0.926207473
2020-21,1,148,7,BO-17,S4B8_batch1,87,136,122,35,2,2.6,25.33333333,0.16121626
2020-21,1,149,7,CHEN-391,S3H4_batch1,NA,136,NA,35,2,3.2,26,0.224965528
2020-21,1,150,7,CHEN-349,S1A2_batch1,83,139,62,19,1.95,2.95,22.33333333,-0.125655445
2020-21,1,151,7,D-12179,S4E2_batch1,93,NA,172,31,NA,NA,NA,NA
2020-21,1,152,7,D-12397,S2D11_batch1,86,139,97,47,NA,2.33,23.33333333,-0.030031543
2020-21,1,153,7,CHEN-218,S2F2_batch1,87,139,109,35,2.05,2.95,26,0.224965528
2020-21,1,154,7,BO-32,S2B2_batch1,83,119,65,40,1.65,2.35,16.66666667,-0.66752422
2020-21,1,155,7,D-12002,NA,82,139,115,44,1.8,3.1,59.66666667,3.444303548
2020-21,1,156,8,BO-30,S2F5_batch1,81,132,97,36,1.9,2.9,20,-0.348777881
2020-21,1,157,8,CHEN-212,S4B2_batch1,86,132,133,34,1.8,1.69,15,-0.826897389
2020-21,1,159,8,CHEN-281,NA,86,160,97,40,1.9,2.55,23.33333333,-0.030031543
2020-21,1,160,8,Ames-13748,S2H5_batch1,86,147,137,42,1.9,3.25,21.66666667,-0.189404712
2020-21,1,check8,7,Check,NA,86,153,133,46,1.9,2.44,29,0.511837233
2020-21,1,161,8,Ames-13751,S2C6_batch1,79,139,95,24,1.9,3.4,22.66666667,-0.09378081
2020-21,1,163,8,D-12258,KATA1E7_RF5,91,167,115,48,1.05,2.4,38.33333333,1.404326981
2020-21,1,164,8,Ames-13734,S1B3_batch1,81,153,81,41,1.75,2.24,18.33333333,-0.508151051
2020-21,1,165,8,Ames-13725,S3A4_batch1,86,139,104,45,1.85,2.3,19.33333333,-0.412527149
2020-21,1,167,8,NL-6,NA,78,139,110,47,2,2.95,24,0.033717725
2020-21,1,168,8,D-12213,S6F14_batch2,79,119,78,50,2.1,3,31.66666667,0.766834304
2020-21,1,169,8,Ames-13729,S736_batch3,86,150,135,36,1.7,2.45,11,-1.209392996
2020-21,1,170,8,CHEN-69,S4C6_batch1,84,165,88,37,1.8,2.15,11.33333333,-1.177518362
2020-21,1,171,8,D-12219,S2H9_batch2,83,122,123,45,1.65,1.87,11.33333333,-1.177518362
2020-21,1,172,8,CHEN-71,S2C9_batch1,78,132,86,30,2.2,3.15,12.33333333,-1.081894461
2020-21,1,173,8,CHEN-162,S2A8_batch1,85,167,150,37,2,2.8,28.33333333,0.448087965
2020-21,1,174,8,PI-634924,S1H9_batch1,82,170,172,65,1.58,2.75,33,0.894332839
2020-21,1,175,8,D-11889,S2C10_batch1,79,132,70,40,1.7,2.05,16,-0.731273488
2020-21,1,176,8,D-12060,S3A9_batch1,87,161,136,24,1.8,2.24,16.33333333,-0.699398854
2020-21,1,177,8,D-12340,S2C10_batch2,84,NA,154,45,NA,NA,NA,NA
2020-21,1,178,8,CHEN-425,S4G6_batch1,86,145,102,36,2,2.55,25,0.129341627
2020-21,1,179,8,D-12014,NA,87,147,136,40,1.9,2.5,15,-0.826897389
2020-21,1,180,8,BO-40,S1H6_batch1,84,NA,124,40,NA,NA,NA,NA
2020-21,1,check9,8,Check,NA,82,150,140,37,1.9,2.57,22.33333333,-0.125655445
2020-21,1,181,8,PI-614928,S224_batch3,85,153,140,37,1.8,2.65,30,0.607461134
2020-21,1,182,8,CHEN-109,S4A8_batch1,81,118,80,44,2.2,3.35,30,0.607461134
2020-21,1,183,8,D-12362,S4D6_batch1,83,160,111,50,1.9,2.45,22.33333333,-0.125655445
2020-21,1,184,8,NSL-106398,NA,77,132,106,42,2.15,3.5,30,0.607461134
2020-21,1,185,8,BO-11,S4H9_batch1,83,131,88,36,1.85,2.2,18.66666667,-0.476276417
2020-21,1,186,8,BO-63,S2F11_batch1,81,132,74,36,2.1,2.95,25.33333333,0.16121626
2020-21,1,187,8,CHEN-140,S3E4_batch1,83,NA,122,35,NA,NA,NA,NA
2020-21,1,188,8,CHEN-199,S3D8_batch1,87,132,125,54,1.95,2.1,13,-1.018145192
2020-21,1,189,8,PI-665283,S1H1_batch1,84,136,122,42,2.4,3.15,30,0.607461134
2020-21,1,190,8,CHEN-297,S3E7_batch1,87,142,107,30,2,2.85,20,-0.348777881
2020-21,1,191,8,BO-60,S3D6_batch1,86,132,94,40,1.95,1.72,18.33333333,-0.508151051
2020-21,1,192,8,BO-51,S2G10_batch1,84,133,73,26,1.8,2.45,10,-1.305016897
2020-21,1,193,8,CHEN-414,NA,79,156,130,37,2,2.4,25.33333333,0.16121626
2020-21,1,194,8,CHEN-33,S1F9_batch1,83,125,42,22,2.1,3,28.66666667,0.479962599
2020-21,1,195,8,CHEN-144,S4E11_batch1,80,139,76,32,2,2.95,13.33333333,-0.986270559
2020-21,1,196,8,E-DK-4,S1D3_batch1,84,156,90,25,1.9,2.7,11,-1.209392996
2020-21,1,197,8,Ames-13755,S2E4_batch1,84,139,101,37,2.2,3.2,40.66666667,1.627449418
2020-21,1,198,8,D-11936,NA,89,NA,211,45,NA,NA,NA,NA
2020-21,1,199,8,D-12222,S4D7_batch1,83,147,112,35,1.9,2.8,21.66666667,-0.189404712
2020-21,1,200,8,CHEN-159,S2C4_batch1,78,132,66,30,2.1,2.9,17,-0.635649586
2020-21,1,check10,8,Check,NA,86,147,NA,42,1.95,2.5,30,0.607461134
2020-21,1,201,8,CHEN-415,S2H2_batch1,89,167,117,31,1.9,1.76,8,-1.4962647
2020-21,1,202,8,CHEN-151,S4A1_batch1,90,156,102,45,1.8,1.9,20,-0.348777881
2020-21,1,203,8,Cherry-Vanilla,S3H6_batch1,78,140,72,30,2.1,3,28.66666667,0.479962599
2020-21,1,204,8,Kamiri,S4D10_batch1,84,156,117,50,1.9,2.25,25,0.129341627
2020-21,1,205,8,CHEN-128,S2F8_batch1,84,153,105,38,2.2,2.95,21,-0.25315398
2020-21,1,206,8,CHEN-423,NA,84,NA,118,29,NA,NA,NA,NA
2020-21,1,207,8,D-12079,S2B3_batch1,86,NA,141,36,NA,NA,NA,NA
2020-21,1,208,8,D-12413,S4G2_batch1,82,156,145,50,2.05,2.55,19.33333333,-0.412527149
2020-21,1,209,8,D-12027,S4B1_batch1,79,NA,147,41,NA,NA,NA,NA
2020-21,1,210,8,PI-634917,NA,84,132,66,34,2.1,3.25,20,-0.348777881
2020-21,1,211,8,CHEN-450,S3F4_batch1,78,131,103,45,1.95,3.34,33.33333333,0.926207473
2020-21,1,212,8,Ames-13724,NA,86,155,120,38,1.9,1.74,11,-1.209392996
2020-21,1,213,8,CHEN-441,NA,83,155,158,30,NA,NA,NA,NA
2020-21,1,214,8,D-12122,S4A4_batch1,82,160,78,20,1.75,2.6,11.66666667,-1.145643728
2020-21,1,215,8,CHEN-142,NA,83,167,165,50,NA,NA,NA,NA
2020-21,1,216,8,PI-614880,S2B1_batch1,84,126,95,32,1.85,2.45,11.33333333,-1.177518362
2020-21,1,217,8,PI-665272,S4D1_batch1,86,167,145,42,1.7,1.65,11.66666667,-1.145643728
2020-21,1,218,8,PI-665275,NA,86,NA,168,31,NA,NA,NA,NA
2020-21,1,219,8,PI-665277,S4E8_batch1,84,168,102,40,1.65,1.9,15,-0.826897389
2020-21,1,220,8,PI-674266,S3G6_batch1,90,NA,144,50,NA,NA,NA,NA
2020-21,1,check11,8,Check,NA,84,148,NA,41,1.9,2.55,29.66666667,0.575586501
2020-21,1,222,8,PI-614915,S4D5_batch1,80,119,79,44,2.05,3.1,21.66666667,-0.189404712
2020-21,1,223,8,Ames-13733,S2D9_batch1,83,119,59,27,1.9,2.9,15,-0.826897389
2020-21,1,224,8,Ames-13753,S1G6_batch1,86,167,144,54,1.7,2.74,20,-0.348777881
2020-21,1,225,8,PI-510542,NA,85,142,85,32,2.1,2.8,16.66666667,-0.66752422
2020-21,1,226,8,PI-510537,S4A5_batch1,86,153,83,27,1.8,2.6,11.66666667,-1.145643728
2020-21,1,227,8,Ames-13759,S757_batch3,87,147,119,30,2.1,2.8,16.66666667,-0.66752422
2020-21,1,228,8,Ames-13756,NA,92,124,70,31,1.1,3.2,15,-0.826897389
2020-21,1,229,8,Ames-13762,NA,83,119,63,35,1.95,2.2,21.66666667,-0.189404712
2020-21,1,230,8,D-12205,S1C3_batch1,84,145,79,30,2.1,2.9,18.33333333,-0.508151051
2020-21,1,231,9,Titicaca,S4B6_batch1,84,119,71,41,1.9,2.3,14.66666667,-0.858772023
2020-21,1,232,9,Ames-13754,S2G4_batch1,81,156,130,40,2.1,2.6,15,-0.826897389
2020-21,1,233,9,PI-478415,NA,NA,147,102,25,2.1,3.35,28.66666667,0.479962599
2020-21,1,234,9,Ames-13730,S1C8_batch1,80,132,62,29,2.25,3.1,23.33333333,-0.030031543
2020-21,1,235,9,Ames-13726,S1D11_batch1,86,123,82,31,2.1,3.3,26.66666667,0.288714796
2020-21,1,236,9,PI-510539,S5C12_batch2,NA,124,71,35,2,2.8,25,0.129341627
2020-21,1,237,9,Redhead,S2D3_batch1,78,123,77,30,2.1,3.3,18.66666667,-0.476276417
2020-21,1,238,9,Ames-13742,S4F8_batch1,85,122,102,37,2.1,3.4,26.33333333,0.256840162
2020-21,1,239,9,Ames-13757,S3D5_batch1,84,134,100,33,2.2,2.9,13.33333333,-0.986270559
2020-21,1,240,9,PI-596498,S2F7_batch1,84,139,63,29,2.1,2.75,11.66666667,-1.145643728
2020-21,1,check12,8,Check,NA,88,150,NA,36,1.85,2.4,26,0.224965528
2020-21,1,241,9,PI-510551,S4E5_batch1,79,142,107,40,1.9,3.2,35,1.085580642
2020-21,1,242,9,PI-510550,NA,82,142,104,35,2.1,2.6,30,0.607461134
2020-21,1,243,9,PI-510545,NA,86,145,96,30,1.9,2.45,30,0.607461134
2020-21,1,248,9,PI-478410,NA,84,153,102,30,1.6,1.96,10,-1.305016897
2020-21,1,250,9,PI-634921,KATA2G7_RA5,85,157,102,35,2.05,2.8,33,0.894332839
2020-21,1,253,9,Bouchane-3,S1E1_batch1,NA,123,71,34,2.1,3.25,33.33333333,0.926207473
2020-21,1,254,9,ICBA-Q5,S1C1_batch1,79,145,136,54,1.9,2.5,45,2.041819658
2020-21,1,255,9,CHEN-298,S1G2_batch1,84,124,76,36,2.2,2.85,26.66666667,0.288714796
2020-21,1,256,9,CHEN-420,S1H3_batch1,83,163,98,31,1.6,2.45,14,-0.922521291
2020-21,1,258,9,CHEN-424,S1F4_batch1,79,144,72,36,2,2.95,17,-0.635649586
2020-21,1,259,9,Indian-Quinoa,S1E4_batch1,79,121,87,40,2,2.51,32,0.798708938
2020-21,1,check13,9,Check,NA,84,148,NA,36,1.88,2.5,22.33333333,-0.125655445
2020-21,1,261,9,Oro-de-Valle,S1D6_batch1,79,120,94,41,2.1,3.45,33.33333333,0.926207473
2020-21,1,262,9,D-12357,S1D7_batch1,84,168,142,40,NA,NA,NA,NA
2020-21,1,263,9,D-12167,S1C7_batch1,84,156,133,35,2.1,3.05,22.66666667,-0.09378081
2020-21,1,264,9,D-12208,S1H8_batch1,84,NA,92.5,40,2.1,2.85,26.66666667,0.288714796
2020-21,1,265,9,D-12087,S1D8_batch1,78,121,55,31,1.8,2.95,23.33333333,-0.030031543
2020-21,1,266,9,Vikinga,S1E9_batch1,78,132,51,25,1.75,2.3,8.333333333,-1.464390067
2020-21,1,268,9,CHEN-147,KATA1B10RG5,NA,NA,120,27,NA,NA,NA,NA
2020-21,1,270,9,D-9973,S1F11_batch1,91,NA,160,53,NA,NA,NA,NA
2020-21,1,271,9,Nde-09,S4G8_batch1,84,150,70,31,2.05,2.95,16.33333333,-0.699398854
2020-21,1,272,9,RU-2,S4D8_batch1,78,120,61,26,1.9,2.4,28.33333333,0.448087965
2020-21,1,273,9,Line-0654,S173_batch3,86,NA,136,30,NA,NA,NA,NA
2020-21,1,274,9,BO-03,S2G2_batch1,82,121,41,26,2.15,3,26.66666667,0.288714796
2020-21,1,276,9,D-12119,S2E3_batch1,78,NA,83,31,NA,NA,NA,NA
2020-21,1,277,9,Chucapaca,S2A3_batch1,85,145,60,30,2,2.7,25,0.129341627
2020-21,1,278,9,CHEN-319,S2H4_batch1,86,NA,137,38,NA,NA,NA,NA
2020-21,1,279,9,Bouchane-4,S2E5_batch1,79,121,59,34,2,2.45,21.66666667,-0.189404712
2020-21,1,280,9,PI-614883,S2D5_batch1,79,132,69,32,1.9,3,16.66666667,-0.66752422
2020-21,1,check14,9,Check,NA,84,147,NA,43,1.9,2.45,33.33333333,0.926207473
2020-21,1,283,9,NSL-91567,S2A6_batch1,83,121,77,40,2.2,3.3,21.66666667,-0.189404712
2020-21,1,284,9,D-10005,S2B7_batch1,94,167,164,40,NA,NA,NA,NA
2020-21,1,285,9,Real,S2C8_batch1,92,NA,160,40,NA,NA,NA,NA
2020-21,1,286,9,CHEN-91,S2B8_batch1,92,NA,158,39,NA,NA,NA,NA
2020-21,1,287,9,CHEN-361,S2H9_batch1,91,168,160,53,2,2.5,22.33333333,-0.125655445
2020-21,1,288,9,CHEN-219,S2G9_batch1,86,NA,117,30,NA,NA,NA,NA
2020-21,1,289,9,D-12160,KATA2F9_RC5,83,153,96,40,2,2.95,21.66666667,-0.189404712
2020-21,1,290,9,CHEN-437,S2E9_batch1,85,167,113,41,1.7,2.2,18.66666667,-0.476276417
2020-21,1,291,9,D-12416,S2A9_batch1,87,NA,95,40,NA,NA,NA,NA
2020-21,1,292,9,CHEN-224,S2A10_batch1,87,NA,143,25,NA,NA,NA,NA
2020-21,1,293,9,CHEN-225,S2G11_batch1,NA,156,99,40,1.7,1.95,11.33333333,-1.177518362
2020-21,1,294,9,BO-42,S2E11_batch1,87,158,109,36,2,4.3,18.33333333,-0.508151051
2020-21,1,296,9,D-12201,S4E9_batch1,82,160,119,70,1.9,2.7,15.33333333,-0.795022756
2020-21,1,299,9,D-12431,S3G1_batch1,89,NA,129,36,NA,NA,NA,NA
2020-21,1,check15,9,Check,NA,83,149,NA,40,2,2.6,22.66666667,-0.09378081
2020-21,1,301,9,D-12181,S3G3_batch1,87,147,111,43,1.9,2.85,33,0.894332839
2020-21,1,302,9,CHEN-89,S3A3_batch1,95,NA,155,35,NA,NA,NA,NA
2020-21,1,303,9,NSL-92331,S3B4_batch1,80,142,106,34,2.15,2.95,17,-0.635649586
2020-21,1,304,9,CHEN-302,S3G5_batch1,79,142,55,13,1.65,2.42,7.666666667,-1.528139334
2020-21,1,305,9,CHEN-416,S3F5_batch1,86,156,120,50,2,2.37,30,0.607461134
2020-21,1,306,10,D-11985,S3E6_batch1,83,NA,137,34,NA,NA,NA,NA
2020-21,1,307,10,Bouchane-2,S3B6_batch1,81,122,36,18,2.1,2.05,20,-0.348777881
2020-21,1,308,10,Bouchane-1,S3A6_batch1,79,120,41,21,2.08,2.32,7.666666667,-1.528139334
2020-21,1,309,10,ICBA-Q3,S3H7_batch1,79,144,141,60,1.95,3.21,36.66666667,1.244953812
2020-21,1,310,10,CHEN-182,S3G8_batch1,NA,169,127,36,1.85,2.1,14.66666667,-0.858772023
2020-21,1,311,10,D-12251,S3F8_batch1,NA,NA,110,50,NA,NA,NA,NA
2020-21,1,312,10,D-11986,S3B8_batch1,NA,156,105,33,1.85,2.05,15,-0.826897389
2020-21,1,314,10,CHEN-141,S3H9_batch1,NA,122,97,55,2.1,3.81,30,0.607461134
2020-21,1,315,10,D-12415,NA,80,121,51,26,2.1,2.88,16,-0.731273488
2020-21,1,316,10,CHEN-299,S3B9_batch1,NA,132,55,18,1.7,2.6,10,-1.305016897
2020-21,1,317,10,CICA-127,S3H10_batch1,86,170,167,40,2.2,2.21,26.33333333,0.256840162
2020-21,1,318,10,D-10003,S3F10_batch1,NA,156,63,21,2.1,2.61,8.333333333,-1.464390067
2020-21,1,319,10,CHEN-417,NA,87,160,122,36,1.65,1.81,11.33333333,-1.177518362
2020-21,1,320,10,D-12359,NA,NA,132,77,32,2.1,2.91,8,-1.4962647
2020-21,1,check16,9,Check,NA,86,144,NA,37,1.85,2.4,28.66666667,0.479962599
2020-21,1,322,10,G-205-95,NA,83,160,126,40,2.11,2.75,22.33333333,-0.125655445
2020-21,1,323,10,CHEN-413,S4H10_batch1,NA,165,NA,34,1.88,2.2,15,-0.826897389
2020-21,1,324,10,Pasankalla,S193_batch3,83,162,143,30,2,3.05,21.66666667,-0.189404712
2020-21,1,325,10,D-11935,S4A10_batch1,96,NA,187,40,NA,NA,NA,NA
2020-21,1,326,10,CHEN-339,S4G1_batch1,NA,167,105,40,1.9,1.92,5.666666667,-1.719387137
2020-21,1,327,10,D-9998,S4E1_batch1,NA,NA,140,30,NA,NA,NA,NA
2020-21,1,328,10,CHEN-383,S4C1_batch1,NA,NA,139,31,NA,NA,NA,NA
2020-21,1,329,10,D-11927,S4H2_batch1,87,NA,170,35,NA,NA,NA,NA
2020-21,1,330,10,D-12182,S4F2_batch1,82,159,83,32,1.8,1.81,11.66666667,-1.145643728
2020-21,1,332,10,CHEN-412,S4C3_batch1,85,167,154,45,NA,NA,NA,NA
2020-21,1,333,10,G-205,S4B3_batch1,84,158,144,40,2.1,2.62,29.66666667,0.575586501
2020-21,1,336,10,CHEN-401,S4E4_batch1,90,167,162,30,NA,NA,NA,NA
2020-21,1,337,10,CHEN-161,S4G7_batch1,94,NA,109,30,NA,NA,NA,NA
2020-21,1,338,10,D-12021,S3C2_batch1,84,132,85,35,2.1,3.01,16.66666667,-0.66752422
2020-21,1,339,10,D-12172,NA,86,167,112,34,NA,NA,NA,NA
2020-21,1,340,10,CHEN-333,S4D4_batch1,91,NA,145,36,NA,NA,NA,NA
2020-21,1,check17,10,Check,NA,85,150,NA,41,1.9,2.5,28.33333333,0.448087965
2020-21,1,341,10,D-9994,NA,90,NA,166,50,NA,NA,NA,NA
2020-21,1,342,10,D-12081,S4H5_batch1,97,NA,118,31,NA,NA,NA,NA
2020-21,1,343,10,Regalona,S1C5_batch1,83,121,70,34,2,4.5,21.66666667,-0.189404712
2020-21,1,344,10,PI-614888,S50_batch3,80,121,48,26,1.88,2.68,13.33333333,-0.986270559
2020-21,1,345,10,D-9984,NA,80,132,106,35,2.05,2.91,21.66666667,-0.189404712
2020-21,1,346,10,CHEN-471,KATA3A1_RA5,93,NA,152,40,NA,NA,NA,NA
2020-21,1,347,10,PI-614889,S1D1_batch1,78,126,102,35,2.05,2.58,18.33333333,-0.508151051
2020-21,1,348,10,Salcedo-Inia,S754_batch3,78,145,130,36,2.15,3.32,28.33333333,0.448087965
2020-21,1,349,10,Ames-13745,S1E6_batch1,78,122,90,43,1.95,3.56,10,-1.305016897
2020-21,1,350,10,D-12034,S5E1_batch2,82,NA,153,51,NA,NA,NA,NA
2020-21,1,351,10,D-12038,S3D2_batch2,80,146,107,30,2.1,3.41,18.33333333,-0.508151051
2020-21,1,352,10,PI-614884,S2H7_batch1,80,142,112,40,2.1,2.56,25,0.129341627
2020-21,1,353,10,Ames-13737,S4F11_batch1,84,142,104,46,2.05,2.61,25,0.129341627
2020-21,1,354,10,D-11965,S2E10_batch1,86,153,88,31,1.9,2.56,15,-0.826897389
2020-21,1,355,10,Ames-13721,S1F6_batch1,86,160,146,40,1.9,2.61,23.33333333,-0.030031543
2020-21,1,356,10,D-12253,S4C7_batch1,NA,NA,174,40,NA,NA,NA,NA
2020-21,1,357,10,CHEN-400,S4B5_batch1,85,141,119,34,2.1,3.01,16.66666667,-0.66752422
2020-21,1,358,10,BO-29,S203_batch3,80,142,90,36,1.85,2.66,33.33333333,0.926207473
2020-21,1,360,10,03-21-072RM,S3H3_batch1,84,132,80,30,2,2.26,18.33333333,-0.508151051
2020-21,1,check18,10,Check,NA,85,148,NA,37,2,2.6,26,0.224965528
2020-21,1,361,10,PI-634918,S3E5_batch1,80,147,116,40,2.1,2.85,22.33333333,-0.125655445
2020-21,1,363,10,D-11973,S3F9_batch2,79,122,94,38,1.95,2.81,24.33333333,0.065592358
2020-21,1,364,10,D-12074,S3A10_batch1,82,167,134,42,2.02,2.95,26,0.224965528
2020-21,1,365,10,Ames-13740,S2E6_batch1,79,142,98,40,2.1,3.65,43.33333333,1.882446489
2020-21,1,366,10,CHEN-205,S2B5_batch1,82,156,109,30,2.15,2.61,17.66666667,-0.571900318
2020-21,1,367,10,PI-614927,S1B1_batch1,82,142,103,40,2,3.21,31.66666667,0.766834304
2020-21,1,368,10,PI-665273,S7A4_batch2,84,147,99,30,1.9,2.45,31.66666667,0.766834304
2020-21,1,369,10,Ames-13738,S1F7_batch1,83,144,104,30,2,2.52,22.33333333,-0.125655445
2020-21,1,370,10,PI-614932,S7E4_batch2,82,121,50,23,2.15,3.05,18.33333333,-0.508151051
2020-21,1,check19,10,Check,NA,NA,147,NA,41,1.88,2.5,29.66666667,0.575586501
2021-22,1,97,1,EMBRAPA-Brazil,S4A7_batch1,70,133,85,31,2.2,2.86,28.33333333,0.393547145
2021-22,1,208,1,D-12413,S4G2_batch1,70,144,111,35,2,2.88,25,0.08545263
2021-22,1,130,1,D-12256,S3E9_batch1,83,156,93,30,1.98,2.87,13.33333333,-0.992878175
2021-22,1,202,1,CHEN-151,S4A1_batch1,103,147,86,26,1.7,1.95,8.333333333,-1.455019948
2021-22,1,146,1,D-9993,NA,91,137,90,32,1.9,2.85,31.66666667,0.701641661
2021-22,1,181,1,PI-614928,S224_batch3,86,137,102,37,2,2.91,38.33333333,1.317830692
2021-22,1,195,1,CHEN-144,S4E11_batch1,84,152,70,19,2.2,3.12,15,-0.838830917
2021-22,1,199,1,D-12222,S4D7_batch1,86,137,100,40,2.1,3,28.33333333,0.393547145
2021-22,1,218,1,PI-665275,NA,92,167,178,42,1.5,2.4,30.33333333,0.578403854
2021-22,1,243,1,PI-510545,NA,86,143,95,31,2.3,3,35,1.009736177
2021-22,1,9,1,Ames-13749,S1H7_batch1,88,131,88,38,2,3.15,38.33333333,1.317830692
2021-22,1,65,1,D-12243,S1C2_batch1,81,133,116,46,2.2,3.42,25,0.08545263
2021-22,1,190,1,CHEN-297,S3E7_batch1,87,133,80,30,2.11,3.25,38.33333333,1.317830692
2021-22,1,165,1,Ames-13725,S3A4_batch1,92,130,98,32,2,2.2,25,0.08545263
2021-22,1,214,1,D-12122,S4A4_batch1,75,127,105,31,2.3,3.4,28.33333333,0.393547145
2021-22,1,15,1,PI-510532,S3E10_batch1,75,130,80,19,2,3,18.33333333,-0.530736402
2021-22,1,check1,1,Check,NA,102,147,96,18,2,2.48,29,0.455166049
2021-22,1,236,1,PI-510539,S5C12_batch2,89,130,60,26,2,3.12,18.33333333,-0.530736402
2021-22,1,354,1,D-11965,S2E10_batch1,89,151,94,24,2.15,2.61,21.66666667,-0.222641885
2021-22,1,225,1,PI-510542,NA,70,132,60,22,2.3,3.16,15,-0.838830917
2021-22,1,77,1,D-12223,NA,94,149,110,30,2.25,2,35,1.009736177
2021-22,1,216,1,PI-614880,S2B1_batch1,93,130,80,27,2,2.42,21.66666667,-0.222641885
2021-22,1,272,1,RU-2,S4D8_batch1,70,128,69,22,1.6,2.51,11.66666667,-1.146925432
2021-22,1,136,1,D-12036,S1F3_batch1,106,153,120,26,2.12,3.1,24.66666667,0.054643179
2021-22,1,205,1,CHEN-128,S2F8_batch1,86,149,85,28,2.3,3.07,18.33333333,-0.530736402
2021-22,1,103,1,D-12058,S6C8_batch2,76,127,125,33,2,2.79,21.66666667,-0.222641885
2021-22,1,119,1,CHEN-382,S1C10_batch1,70,136,105,32,2.3,3.12,25,0.08545263
2021-22,1,237,1,Redhead,S2D3_batch1,79,129,57,20,1.9,2.69,15,-0.838830917
2021-22,1,258,1,CHEN-424,S1F4_batch1,70,133,69,28,2.1,3.01,21.66666667,-0.222641885
2021-22,1,127,1,CHEN-126,S1E8_batch1,75,133,90,26,1.9,2.67,18.33333333,-0.530736402
2021-22,1,8,1,CHEN-160,NA,70,130,71,23,1.85,2.82,35,1.009736177
2021-22,1,229,1,Ames-13762,NA,86,129,110,35,2,2.4,20,-0.376689144
2021-22,1,203,1,Cherry-Vanilla,S3H6_batch1,89,129,50,20,2,2.4,43.33333333,1.779972465
2021-22,1,11,1,BO-16,S1A9_batch1,81,128,55,19,2,2.68,11.66666667,-1.146925432
2021-22,1,171,1,D-12219,S2H9_batch2,118,151,104,19,1.9,2.7,25,0.08545263
2021-22,1,check2,1,Check,NA,94,145,102,22,2.01,2.5,31.66666667,0.701641661
2021-22,1,71,1,D-9981,NA,81,148,100,19,1.9,2.64,25,0.08545263
2021-22,1,367,1,PI-614927,S1B1_batch1,83,133,80,31,2.3,3.02,13.33333333,-0.992878175
2021-22,1,174,1,PI-634924,S1H9_batch1,91,133,80,32,1.9,2.68,11.66666667,-1.146925432
2021-22,1,365,1,Ames-13740,S2E6_batch1,69,133,90,28,2,2.83,38.33333333,1.317830692
2021-22,1,182,2,CHEN-109,S4A8_batch1,87,131,50,21,2,2.89,15,-0.838830917
2021-22,1,259,2,Indian-Quinoa,S1E4_batch1,82,133,93,32,2,2.87,21.66666667,-0.222641885
2021-22,1,128,2,D-12123,S3B1_batch1,94,143,120,29,2.5,3.6,28.33333333,0.393547145
2021-22,1,308,2,Bouchane-1,S3A6_batch1,70,140,97,27,2,3.53,25,0.08545263
2021-22,1,52,2,D-12389,S4D3_batch1,92,137,106,33,2,2.81,38.33333333,1.317830692
2021-22,1,231,2,Titicaca,S4B6_batch1,70,133,62,19,2.3,3.8,8.333333333,-1.455019948
2021-22,1,170,2,CHEN-69,S4C6_batch1,70,146,90,15,2.15,3.3,21.66666667,-0.222641885
2021-22,1,262,2,D-12357,S1D7_batch1,98,142,140,27,2,3.01,18.33333333,-0.530736402
2021-22,1,368,2,PI-665273,S7A4_batch2,96,141,89,28,2.4,1.78,46.66666667,2.088066981
2021-22,1,2,2,PI-614882,S4D9_batch1,89,135,83,22,2.2,2.63,25,0.08545263
2021-22,1,56,2,D-12309,S3E3_batch1,94,142,122,37,2.2,3.32,28.33333333,0.393547145
2021-22,1,204,2,Kamiri,S4D10_batch1,94,144,93,41,2.25,3.24,28.33333333,0.393547145
2021-22,1,32,2,CHEN-220,S2B10_batch1,78,137,92,30,2.17,2.76,48.33333333,2.242114239
2021-22,1,187,2,CHEN-140,S3E4_batch1,107,167,160,50,2,2.26,6.666666667,-1.609067206
2021-22,1,132,2,CHEN-429,S4C2_batch1,99,130,110,35,2.1,3.25,16,-0.746402562
2021-22,1,326,2,CHEN-339,S4G1_batch1,89,134,60,24,2.3,1.9,35,1.009736177
2021-22,1,273,2,Line-0654,S173_batch3,110,132,153,50,2.1,2.3,20.33333333,-0.345879692
2021-22,1,49,2,PI-634925,S2H3_batch1,87,130,79,28,2.3,3.28,35,1.009736177
2021-22,1,check3,2,Check,NA,101,143,98,17,2,2.45,31.66666667,0.701641661
2021-22,1,155,2,D-12002,NA,79,133,43,16,1.9,3.2,18.33333333,-0.530736402
2021-22,1,124,2,D-10004,KATA3G2RH10,81,134,72,32,1.8,2.88,15,-0.838830917
2021-22,1,167,2,NL-6,NA,90,130,69,22,2.3,2.75,18.33333333,-0.530736402
2021-22,1,188,2,CHEN-199,S3D8_batch1,110,145,140,37,2.1,2.38,15,-0.838830917
2021-22,1,116,2,CHEN-221,NA,98,127,145,50,2.2,2.56,22.66666667,-0.130213531
2021-22,1,62,2,Ames-13750,S2D4_batch1,92,130,82,27,1.81,2.47,18.33333333,-0.530736402
2021-22,1,159,2,CHEN-281,NA,94,159,100,29,1.9,2.69,25,0.08545263
2021-22,1,45,2,CHEN-397,S3D10_batch1,94,143,140,31,2.5,3.97,38.33333333,1.317830692
2021-22,1,4,2,PI-614885,S1C9_batch1,91,139,63,19,2,2.9,38.33333333,1.317830692
2021-22,1,366,2,CHEN-205,S2B5_batch1,84,155,43,18,2,2.66,8.333333333,-1.455019948
2021-22,1,211,2,CHEN-450,S3F4_batch1,82,133,66,19,1.9,2.9,15,-0.838830917
2021-22,1,148,2,BO-17,S4B8_batch1,105,135,96,30,2,2.55,15,-0.838830917
2021-22,1,23,2,D-12184,S1G11_batch1,91,157,76,27,2.1,2.4,26.66666667,0.239499888
2021-22,1,75,2,D-12387,S2C5_batch1,81,132,89,22,1.8,2.51,5,-1.763114464
2021-22,1,347,2,PI-614889,S1D1_batch1,81,133,80,28,2.1,2.52,21.66666667,-0.222641885
2021-22,1,check4,2,Check,NA,99,145,96,19,2.1,2.6,29.66666667,0.516784952
2021-22,1,31,2,Ames-13722,S1C6_batch1,94,133,97,29,2.1,2.65,28.33333333,0.393547145
2021-22,1,63,2,D-12350,S3C5_batch1,113,135,49,19,1.5,2.1,11.66666667,-1.146925432
2021-22,1,201,2,CHEN-415,S2H2_batch1,103,151,110,26,2.1,2.52,18.33333333,-0.530736402
2021-22,1,215,3,CHEN-142,NA,94,167,135,31,1.9,2.23,34.66666667,0.978926725
2021-22,1,81,3,PI-510547,NA,104,140,100,36,1.92,2.56,28.33333333,0.393547145
2021-22,1,149,3,CHEN-391,S3H4_batch1,89,171,89,30,1.7,2.25,35,1.009736177
2021-22,1,353,3,Ames-13737,S4F11_batch1,103,151,110,40,2,2.96,13.66666667,-0.962068723
2021-22,1,1,3,CHEN-5,S1D4_batch1,74,137,79,28,1.95,2.27,18.33333333,-0.530736402
2021-22,1,66,3,D-12395,S4F7_batch1,94,172,74,40,2,2.86,4.666666667,-1.793923915
2021-22,1,261,3,Oro-de-Valle,S1D6_batch1,84,133,100,33,2.1,2.9,35,1.009736177
2021-22,1,140,3,Ames-13761,S2G6_batch1,89,153,125,57,2.05,3.01,21,-0.284260789
2021-22,1,248,3,PI-478410,NA,75,143,11,31,2,2.26,28.33333333,0.393547145
2021-22,1,91,3,CHEN-291,S1E5_batch1,104,126,145,40,2,3.36,8.333333333,-1.455019948
2021-22,1,160,3,Ames-13748,S2H5_batch1,106,140,110,33,2.1,2.96,28.33333333,0.393547145
2021-22,1,235,3,Ames-13726,S1D11_batch1,94,125,99,36,2.2,2.4,28.33333333,0.393547145
2021-22,1,54,3,D-12268,S3C7_batch1,83,148,90,24,2.12,2.8,25,0.08545263
2021-22,1,369,3,Ames-13738,S1F7_batch1,94,143,100,32,2,2.82,35,1.009736177
2021-22,1,219,3,PI-665277,S4E8_batch1,98,151,121,25,2.2,2.68,28.33333333,0.393547145
2021-22,1,19,3,PUC-mix-red,KATA1A4_RH5,94,153,76,24,1.9,2.58,11.66666667,-1.146925432
2021-22,1,check5,3,Check,NA,97,146,94,20,2,2.51,30.33333333,0.578403854
2021-22,1,126,3,BO-31,S14_batch3,76,133,85,26,2,2.31,31.66666667,0.701641661
2021-22,1,224,3,Ames-13753,S1G6_batch1,105,134,90,25,2.1,2.96,13.33333333,-0.992878175
2021-22,1,161,3,Ames-13751,S2C6_batch1,93,143,105,32,2,2.24,31.66666667,0.701641661
2021-22,1,233,3,PI-478415,NA,97,142,100,27,2,2.66,21.66666667,-0.222641885
2021-22,1,13,3,D-12354,S2F10_batch1,81,130,63,23,2,2.96,25,0.08545263
2021-22,1,278,3,CHEN-319,S2H4_batch1,100,155,126,32,2,3.2,10.33333333,-1.270163239
2021-22,1,344,3,PI-614888,S50_batch3,91,130,75,22,2,2.12,11.66666667,-1.146925432
2021-22,1,17,3,PI-614920,S4F9_batch1,77,140,78,24,2.3,2.55,28.33333333,0.393547145
2021-22,1,111,3,NSL-86649,S2E1_batch1,81,130,96,26,2,2.13,18.33333333,-0.530736402
2021-22,1,25,3,D-12320,S4H8_batch1,79,131,96,22,2.2,2.84,31.66666667,0.701641661
2021-22,1,156,3,BO-30,S2F5_batch1,94,130,68,23,2.2,3.32,21.66666667,-0.222641885
2021-22,1,304,3,CHEN-302,S3G5_batch1,102,137,27,24,1.6,1.69,8.333333333,-1.455019948
2021-22,1,169,3,Ames-13729,S736_batch3,95,149,110,27,2.1,2.6,15,-0.838830917
2021-22,1,121,3,D-12120,S3B3_batch1,89,132,89,21,2.1,2.53,48.33333333,2.242114239
2021-22,1,265,3,D-12087,S1D8_batch1,84,136,79,29,1.9,2.75,31.66666667,0.701641661
2021-22,1,342,3,D-12081,S4H5_batch1,101,NA,150,28,NA,NA,NA,NA
2021-22,1,check6,3,Check,NA,97,149,105,20,2,2.48,29,0.455166049
2021-22,1,113,3,CHEN-430,S3D3_batch1,76,141,105,28,1.9,2.4,41.66666667,1.625925208
2021-22,1,131,3,PI-634920,NA,94,152,106,24,2.1,2.56,15,-0.838830917
2021-22,1,50,3,CHEN-451,S5B1_batch2,81,135,70,17,1.9,2.4,15,-0.838830917
2021-22,1,14,3,BO-58,S1A8_batch1,89,134,56,29,1.9,2.77,11.66666667,-1.146925432
2021-22,1,276,4,D-12119,S2E3_batch1,91,135,90,28,1.9,2.9,7.333333333,-1.547448303
2021-22,1,271,4,Nde-09,S4G8_batch1,81,143,102,28,2,2.3,35,1.009736177
2021-22,1,16,4,LP,S2H10_batch1,81,137,105,29,2.1,3,21.66666667,-0.222641885
2021-22,1,80,4,CHEN-64,S2F3_batch1,75,128,60,20,1.9,2.38,8.333333333,-1.455019948
2021-22,1,38,4,CHEN-427,S3H8_batch1,72,140,90,30,2,3.08,68.33333333,4.090681332
2021-22,1,86,4,PI-665276,S847_batch3,81,137,110,39,2.1,2.51,38.33333333,1.317830692
2021-22,1,255,4,CHEN-298,S1G2_batch1,94,161,173,51,2,3.16,17,-0.653974208
2021-22,1,74,4,BO-55,S1G1_batch1,118,137,123,36,2.3,2.61,45,1.934019723
2021-22,1,120,4,D-12082,S4H3_batch1,81,132,80,26,2.1,2.74,45,1.934019723
2021-22,1,36,4,Ames-13743,S1B8_batch1,96,147,90,19,2.1,3.21,18.33333333,-0.530736402
2021-22,1,178,4,CHEN-425,S4G6_batch1,103,140,90,26,1.9,3,40,1.47187795
2021-22,1,280,4,PI-614883,S2D5_batch1,83,143,113,36,1.91,2.56,41.66666667,1.625925208
2021-22,1,109,4,D-12175,S1E11_batch1,102,145,116,27,1.91,2.21,34.33333333,0.948117273
2021-22,1,288,4,CHEN-219,S2G9_batch1,86,138,120,41,2,3,19,-0.469117498
2021-22,1,7,4,CHEN-398,NA,90,150,90,30,1.9,2.36,35,1.009736177
2021-22,1,51,4,D-12177,S3A7_batch1,109,168,106,27,2.1,2.85,20.33333333,-0.345879692
2021-22,1,check7,4,Check,NA,96,148,97,23,2,2.55,29.66666667,0.516784952
2021-22,1,78,4,D-12196,S1F2_batch1,94,147,85,16,2.2,2.71,18.33333333,-0.530736402
2021-22,1,70,4,CHEN-470,S1F5_batch1,94,159,131,31,2.1,2.94,9,-1.393401045
2021-22,1,39,4,CHEN-465,S1D2_batch1,82,146,80,21,2.1,3.2,28.33333333,0.393547145
2021-22,1,315,4,D-12415,NA,90,139,80,26,2,2.64,38.33333333,1.317830692
2021-22,1,164,4,Ames-13734,S1B3_batch1,100,143,89,27,2.1,2.55,28.33333333,0.393547145
2021-22,1,319,4,CHEN-417,NA,93,158,110,40,2,2.47,18.33333333,-0.530736402
2021-22,1,244,4,PI-510543,S1F10_batch1,94,150,86,30,2,2.71,25,0.08545263
2021-22,1,64,4,D-12329,S3G9_batch1,75,132,76,24,2,2.92,28.33333333,0.393547145
2021-22,1,85,4,PI-634923,NA,94,137,80,26,2.1,2.62,58.33333333,3.166397785
2021-22,1,95,4,D-12282,S4C8_batch1,83,137,85,29,2.35,2.65,25,0.08545263
2021-22,1,226,4,PI-510537,S4A5_batch1,104,137,83,34,1.9,2.31,18.33333333,-0.530736402
2021-22,1,186,4,BO-63,S2F11_batch1,98,133,82,32,2.1,3,18.33333333,-0.530736402
2021-22,1,61,4,Brightest-Brilliant-Rainbow,S1G5_batch1,89,134,57,21,2,2.56,25,0.08545263
2021-22,1,220,4,PI-674266,S3G6_batch1,103,168,163,33,1.9,1.43,6.333333333,-1.639876657
2021-22,1,163,4,D-12258,KATA1E7_RF5,103,170,162,41,2.15,3.04,19.33333333,-0.438308047
2021-22,1,33,4,NSL-86628,S1A5_batch1,98,137,110,43,2.1,2.51,28.33333333,0.393547145
2021-22,1,110,4,CHEN-384,S4G10_batch1,102,168,144,31,2,2.91,32.66666667,0.794070016
2021-22,1,238,4,Ames-13742,S4F8_batch1,100,137,105,31,2.3,2.67,45,1.934019723
2021-22,1,150,4,CHEN-349,S1A2_batch1,92,150,71,14,1.9,2.8,25,0.08545263
2021-22,1,check8,4,Check,NA,97,149,100,22,2.05,2.6,30.33333333,0.578403854
2021-22,1,294,4,BO-42,S2E11_batch1,94,144,95,21,2,2.78,18.33333333,-0.530736402
2021-22,1,239,4,Ames-13757,S3D5_batch1,100,144,120,37,2.1,2.9,15,-0.838830917
2021-22,1,264,4,D-12208,S1H8_batch1,100,150,41,18,1.9,2.33,9.333333333,-1.362591593
2021-22,1,200,4,CHEN-159,S2C4_batch1,80,138,78,30,2.1,2.69,41.66666667,1.625925208
2021-22,1,289,5,D-12160,KATA2F9_RC5,81,153,98,50,2.2,3.19,12.33333333,-1.08530653
2021-22,1,352,5,PI-614884,S2H7_batch1,82,136,67,31,2.3,2.57,15,-0.838830917
2021-22,1,144,5,Ames-13731,S2A4_batch1,94,135,87,28,2.4,3.09,23.33333333,-0.068594628
2021-22,1,307,5,Bouchane-2,S3B6_batch1,76,127,40,10,1.9,2.4,5,-1.763114464
2021-22,1,93,5,CHEN-344,S3H5_batch1,100,154,140,45,1.85,2.49,4,-1.855542818
2021-22,1,351,5,D-12038,S3D2_batch2,87,131,68,23,2.1,2.82,25,0.08545263
2021-22,1,284,5,D-10005,S2B7_batch1,110,176,170,50,1.95,2.35,33.33333333,0.855688918
2021-22,1,29,5,PI-614887,S1H5_batch1,87,130,93,26,2.4,3.1,31.66666667,0.701641661
2021-22,1,175,5,D-11889,S2C10_batch1,83,130,73,14,1.9,2.4,11.66666667,-1.146925432
2021-22,1,274,5,BO-03,S2G2_batch1,76,129,48,14,2.1,2.82,8.333333333,-1.455019948
2021-22,1,338,5,D-12021,S3C2_batch1,92,157,90,35,2.2,3,15,-0.838830917
2021-22,1,193,5,CHEN-414,NA,84,137,70,24,2,2.55,28.33333333,0.393547145
2021-22,1,355,5,Ames-13721,S1F6_batch1,103,158,110,40,2,2.25,30,0.547594403
2021-22,1,141,5,D-12114,S3D9_batch1,92,136,56,11,1.9,2.04,24.33333333,0.023833726
2021-22,1,137,5,D-11918,S4F3_batch1,81,153,65,25,1.8,1.98,15,-0.838830917
2021-22,1,check9,5,Check,NA,110,146,104,20,2,2.55,27.33333333,0.30111879
2021-22,1,180,5,BO-40,S1H6_batch1,106,148,121,33,2.1,2.66,11.66666667,-1.146925432
2021-22,1,210,5,PI-634917,NA,92,142,73,21,2.2,2.34,11.66666667,-1.146925432
2021-22,1,242,5,PI-510550,NA,81,157,121,44,1.9,1.83,9,-1.393401045
2021-22,1,55,5,PI-614919,S4F1_batch1,95,139,100,32,2,3.15,28.33333333,0.393547145
2021-22,1,125,5,Javi,S1E3_batch1,96,125,70,21,1.91,2.76,11,-1.208544336
2021-22,1,154,5,BO-32,S2B2_batch1,95,136,66,23,1.7,2.5,21.66666667,-0.222641885
2021-22,1,212,5,Ames-13724,NA,101,143,121,35,2,2.54,31.33333333,0.670832209
2021-22,1,10,5,CHEN-119,S1D5_batch2,89,150,131,40,1.9,2.41,15,-0.838830917
2021-22,1,185,5,BO-11,S4H9_batch1,96,133,75,21,1.75,2.32,41.33333333,1.595115756
2021-22,1,73,5,CHEN-354,S3F3_batch1,111,173,108,40,2.11,3.1,21,-0.284260789
2021-22,1,134,5,D-12363,S3E11_batch1,79,137,85,30,1.6,2,13.33333333,-0.992878175
2021-22,1,323,5,CHEN-413,S4H10_batch1,80,133,NA,29,1.5,1.57,16,-0.746402562
2021-22,1,232,5,Ames-13754,S2G4_batch1,75,174,95,23,2.1,3.02,41.66666667,1.625925208
2021-22,1,192,5,BO-51,S2G10_batch1,89,143,74,30,1.9,2.06,20,-0.376689144
2021-22,1,5,5,D-12341,NA,101,150,131,22,1.9,2.42,35,1.009736177
2021-22,1,3,5,D-12162,S4D11_batch1,102,154,110,43,1.8,2.27,15,-0.838830917
2021-22,1,87,5,Ames-13744,S1A6_batch1,81,133,85,22,2.1,2.11,25,0.08545263
2021-22,1,223,5,Ames-13733,S2D9_batch1,102,137,90,25,2,2.66,8.333333333,-1.455019948
2021-22,1,145,5,D-11924,S2C7_batch1,102,174,121,40,1.9,2.3,24.33333333,0.023833726
2021-22,1,83,5,Ames-13719,NA,94,131,87,34,2.1,2.93,45,1.934019723
2021-22,1,check10,5,Check,NA,98,144,99,NA,2,2.66,29.66666667,0.516784952
2021-22,1,206,5,CHEN-423,NA,105,174,136,38,2.05,3,21.33333333,-0.253451338
2021-22,1,266,5,Vikinga,S1E9_batch1,79,145,60,17,2,1.83,15,-0.838830917
2021-22,1,228,5,Ames-13756,NA,81,134,85,28,1.9,2.88,25.66666667,0.147071533
2021-22,1,184,6,NSL-106398,NA,81,145,89,26,2.1,3.15,14.66666667,-0.869640368
2021-22,1,24,6,PI-614907,S7H3_batch2,82,145,53,20,2.2,3.08,11,-1.208544336
2021-22,1,370,6,PI-614932,S7E4_batch2,83,134,68,20,1.9,2.73,11.66666667,-1.146925432
2021-22,1,361,6,PI-634918,S3E5_batch1,86,137,90,25,1.9,2.24,12,-1.116115981
2021-22,1,256,6,CHEN-420,S1H3_batch1,88,150,120,40,2,2.88,12,-1.116115981
2021-22,1,279,6,Bouchane-4,S2E5_batch1,96,141,50,27,2.3,2.12,25,0.08545263
2021-22,1,57,6,Ames-13735,S1B6_batch1,94,143,86,25,2.4,2.74,34.66666667,0.978926725
2021-22,1,67,6,D-12279,S3A5_batch1,90,143,104,24,2,2.72,25,0.08545263
2021-22,1,60,6,CHEN-389,S1A7_batch1,102,149,80,20,2.5,3.37,41.66666667,1.625925208
2021-22,1,34,6,Ames-13723,KATRC10,83,143,175,48,2,2.5,44.33333333,1.87240082
2021-22,1,53,6,PI-510536,S5C9_batch2,81,137,78,18,2.3,3.18,28.33333333,0.393547145
2021-22,1,241,6,PI-510551,S4E5_batch1,91,143,86,37,2,2.41,24.33333333,0.023833726
2021-22,1,183,6,D-12362,S4D6_batch1,91,167,121,36,1.9,2.84,41.33333333,1.595115756
2021-22,1,240,6,PI-596498,S2F7_batch1,92,137,67,20,2.1,2.11,11.66666667,-1.146925432
2021-22,1,217,6,PI-665272,S4D1_batch1,102,167,150,40,1.85,2.33,13.33333333,-0.992878175
2021-22,1,37,6,PI-478418,S3B5_batch1,81,144,77,18,2.1,2.92,25,0.08545263
2021-22,1,360,6,03-21-072RM,S3H3_batch1,83,127,56,20,2.1,2.29,6.333333333,-1.639876657
2021-22,1,check11,6,Check,NA,101,145,110,17,2,2.55,27.33333333,0.30111879
2021-22,1,313,6,PI-614914,S3A8_batch1,79,130,50,17,1.9,2.34,15,-0.838830917
2021-22,1,316,6,CHEN-299,S3B9_batch1,81,137,78,20,2,2.12,28.33333333,0.393547145
2021-22,1,68,6,D-12420,S1A3_batch1,84,159,100,35,2.1,2.58,20.33333333,-0.345879692
2021-22,1,177,6,D-12340,S2C10_batch2,96,173,141,40,1.65,1.94,23,-0.09940408
2021-22,1,129,6,CHEN-90,S1B5_batch1,110,161,110,28,2.11,2.88,21.66666667,-0.222641885
2021-22,1,234,6,Ames-13730,S1C8_batch1,81,140,70,24,2.1,2.9,35,1.009736177
2021-22,1,72,6,D-12377,S6B14_batch2,82,149,90,25,1.8,2.6,34.66666667,0.978926725
2021-22,1,207,6,D-12079,S2B3_batch1,125,NA,165,41,NA,NA,NA,NA
2021-22,1,135,6,CHEN-330,S4E6_batch1,98,175,176,51,1.5,1.73,4.666666667,-1.793923915
2021-22,1,213,6,CHEN-441,NA,108,NA,212,25,NA,NA,NA,NA
2021-22,1,82,6,D-12409,S2D10_batch1,91,149,131,46,2.1,2.66,18.33333333,-0.530736402
2021-22,1,189,6,PI-665283,S1H1_batch1,92,143,97,30,2.1,2.61,28.33333333,0.393547145
2021-22,1,320,6,D-12359,NA,94,137,105,45,2.1,2.65,21.66666667,-0.222641885
2021-22,1,227,6,Ames-13759,S757_batch3,104,159,141,36,2,2.59,5.666666667,-1.701495561
2021-22,1,26,6,CHEN-174,S4B9_batch1,106,174,131,35,2,2.4,21.33333333,-0.253451338
2021-22,1,198,6,D-11936,NA,112,NA,220,41,NA,NA,NA,NA
2021-22,1,179,6,D-12014,NA,82,143,88,30,1.8,2.68,35,1.009736177
2021-22,1,check12,6,Check,NA,110,148,106,21,2,2.48,26.66666667,0.239499888
2021-22,1,42,6,D-12220,S1H4_batch1,81,132,68,27,1.8,2.87,35.33333333,1.040545628
2021-22,1,363,6,D-11973,S3F9_batch2,75,133,80,25,2.11,3.07,25,0.08545263
2021-22,1,139,6,Baer-II,S1G3_batch1,81,132,70,16,1.91,2.07,29,0.455166049
2021-22,1,153,6,CHEN-218,S2F2_batch1,94,137,90,25,2.1,2.72,21.66666667,-0.222641885
2021-22,1,290,7,CHEN-437,S2E9_batch1,81,144,70,17,1.8,2.44,8.333333333,-1.455019948
2021-22,1,348,7,Salcedo-Inia,S754_batch3,94,126,90,25,1.83,2.1,25,0.08545263
2021-22,1,196,7,E-DK-4,S1D3_batch1,86,148,100,30,2.1,2.83,18.33333333,-0.530736402
2021-22,1,12,7,D-12405,S1H10_batch1,93,132,90,20,2,2.44,21.66666667,-0.222641885
2021-22,1,143,7,CHEN-342,S2E7_batch1,83,149,100,23,2,2.76,21.66666667,-0.222641885
2021-22,1,253,7,Bouchane-3,S1E1_batch1,73,137,87,20,2,2.9,17.66666667,-0.592355304
2021-22,1,357,7,CHEN-400,S4B5_batch1,94,147,90,19,2,2.55,27.66666667,0.331928243
2021-22,1,90,7,D-12225,NA,93,159,175,55,1.9,2.24,31,0.640022758
2021-22,1,191,7,BO-60,S3D6_batch1,96,133,100,25,2,2.6,28.33333333,0.393547145
2021-22,1,98,7,RU-5,S1D5_batch1,74,134,65,21,1.7,2.33,18.33333333,-0.530736402
2021-22,1,46,7,BO-13,S1D10_batch1,71,146,121,25,2,2.47,11.66666667,-1.146925432
2021-22,1,118,7,D-12166,S2G8_batch1,93,150,90,21,2.4,3.2,61,3.412873398
2021-22,1,107,7,CHEN-256,S2A5_batch1,102,152,111,24,1.8,1.84,14,-0.931259272
2021-22,1,102,7,Ames-13732,S3F1_batch1,99,158,121,25,2,1.35,5,-1.763114464
2021-22,1,358,7,BO-29,S203_batch3,72,135,80,25,2,2.67,25,0.08545263
2021-22,1,check13,7,Check,NA,97,147,112,19,2,2.7,27.33333333,0.30111879
2021-22,1,142,7,CHEN-358,S4A2_batch1,104,174,200,50,1.9,2.12,14,-0.931259272
2021-22,1,194,7,CHEN-33,S1F9_batch1,81,137,70,17,2,2.62,15,-0.838830917
2021-22,1,89,7,PAL,NA,75,143,100,25,2.1,2.87,28.33333333,0.393547145
2021-22,1,345,7,D-9984,NA,96,134,108,26,1.9,2.4,31.66666667,0.701641661
2021-22,1,197,7,Ames-13755,S2E4_batch1,93,137,90,17,2,2.67,31.66666667,0.701641661
2021-22,1,114,7,Ames-13739,NA,94,138,75,27,2,2.55,25,0.08545263
2021-22,1,92,7,CHEN-222,S2G3_batch1,81,137,98,24,2,2.75,25,0.08545263
2021-22,1,84,7,PI-634919,S2H11_batch1,98,138,90,25,2.1,2.07,42,1.656734659
2021-22,1,349,7,Ames-13745,S1E6_batch1,72,146,70,23,1.81,2,25,0.08545263
2021-22,1,138,7,CHEN-92,S1B3_batch2,90,132,95,30,2,2.41,31.66666667,0.701641661
2021-22,1,94,7,PI-614881,S4F10_batch1,96,174,170,40,2.15,2.8,40,1.47187795
2021-22,1,230,7,D-12205,S1C3_batch1,95,143,110,25,2,2,26.66666667,0.239499888
2021-22,1,168,7,D-12213,S6F14_batch2,88,132,74,20,2.1,2.4,18,-0.561545853
2021-22,1,check14,7,Check,NA,99,144,110,22,2,2.56,30.66666667,0.609213307
2021-22,1,117,7,D-12229,S4H11_batch1,95,NA,110,28,NA,NA,NA,NA
2021-22,1,151,7,D-12179,S4E2_batch1,116,NA,250,45,NA,NA,NA,NA
2021-22,1,47,7,KU-2,S517_batch3,76,150,150,25,2.3,3.55,21.66666667,-0.222641885
2021-22,1,152,7,D-12397,S2D11_batch1,108,167,200,46,2,2.74,28.33333333,0.393547145
2021-22,2,27,1,CHEN-192,S3B2_batch2,71,146,75,25,2.1,3.04,46.66666667,1.102192894
2021-22,2,30,1,BO-46-2,S2D1_batch1,82,152,130,33,2,2.5,31.66666667,0.073987282
2021-22,2,202,1,CHEN-151,S4A1_batch1,78,152,90,38,1.5,1.2,21.66666667,-0.611483125
2021-22,2,324,1,Pasankalla,S193_batch3,72,159,70,25,2.4,4.71,53.33333333,1.559173165
2021-22,2,139,1,Baer-II,S1G3_batch1,73,135,101,30,2.1,3.09,43.33333333,0.873702758
2021-22,2,154,1,BO-32,S2B2_batch1,81,137,64,21,1.7,2.56,25,-0.38299299
2021-22,2,161,1,Ames-13751,S2C6_batch1,80,152,110,37,2.1,1.52,45,0.987947826
2021-22,2,53,1,PI-510536,S5C9_batch2,73,137,91,21,1.2,3.56,45,0.987947826
2021-22,2,182,1,CHEN-109,S4A8_batch1,80,137,68,24,1.85,2.75,38.33333333,0.530967554
2021-22,2,315,1,D-12415,NA,81,152,60,22,2.1,1.83,21.66666667,-0.611483125
2021-22,2,280,1,PI-614883,S2D5_batch1,74,140,102,32,2,2.54,31,0.028289255
2021-22,2,146,1,D-9993,NA,80,140,85,31,2.2,2.87,31.33333333,0.051138268
2021-22,2,303,1,NSL-92331,S3B4_batch1,83,146,70,20,2,1.47,105,5.100770272
2021-22,2,365,1,Ames-13740,S2E6_batch1,81,146,60,15,1.8,2.7,20,-0.725728194
2021-22,2,13,1,D-12354,S2F10_batch1,72,140,82,25,2,2.96,44.33333333,0.942249798
2021-22,2,277,1,Chucapaca,S2A3_batch1,77,143,100,43,2.1,2.14,15,-1.068463397
2021-22,2,88,1,CICA-17,S5G2_batch2,76,171,85,28,2,2.8,58.33333333,1.901908369
2021-22,2,25,1,D-12320,S4H8_batch1,81,139,79,21,2,2.64,25,-0.38299299
2021-22,2,check1,1,Check,NA,97,150,98,31.8,2,2.73,29.33333333,-0.085955813
2021-22,2,8,1,CHEN-160,NA,83,146,78,29,1.9,2.27,56.66666667,1.787663302
2021-22,2,86,1,PI-665276,S847_batch3,83,137,81,26,2.05,2.75,45,0.987947826
2021-22,2,218,1,PI-665275,NA,104,173,164,39,1.8,1.62,15,-1.068463397
2021-22,2,10,1,CHEN-119,S1D5_batch2,83,146,110,33,1.77,2.96,35,0.302477418
2021-22,2,348,1,Salcedo-Inia,S754_batch3,99,173,100,27,2.1,1.83,28.33333333,-0.154502854
2021-22,2,150,1,CHEN-349,S1A2_batch1,74,141,85,30,2.1,2.06,25,-0.38299299
2021-22,2,308,1,Bouchane-1,S3A6_batch1,81,136,78,36,2.2,1.8,11.66666667,-1.296953533
2021-22,2,319,1,CHEN-417,NA,83,185,120,34,2,2.04,19,-0.794275234
2021-22,2,235,1,Ames-13726,S1D11_batch1,81,140,74,27,2.2,2.4,29.66666667,-0.063106799
2021-22,2,60,1,CHEN-389,S1A7_batch1,94,167,170,30,2.2,2.24,18.33333333,-0.839973262
2021-22,2,263,1,D-12167,S1C7_batch1,88,NA,139,41,NA,NA,NA,NA
2021-22,2,163,1,D-12258,KATA1E7_RF5,84,167,160,35,2.01,2.5,25,-0.38299299
2021-22,2,56,1,D-12309,S3E3_batch1,82,152,145,42,2.4,1.93,43.33333333,0.873702758
2021-22,2,39,1,CHEN-465,S1D2_batch1,78,152,NA,27,2.4,1.94,25,-0.38299299
2021-22,2,94,1,PI-614881,S4F10_batch1,78,161,130,44,2.2,2.9,38.33333333,0.530967554
2021-22,2,229,1,Ames-13762,NA,79,137,114,37,2,2.56,21.66666667,-0.611483125
2021-22,2,90,1,D-12225,NA,83,176,110,40,1.9,1.56,20,-0.725728194
2021-22,2,361,1,PI-634918,S3E5_batch1,88,146,105,34,1.9,2.35,30,-0.040257786
2021-22,2,92,1,CHEN-222,S2G3_batch1,81,137,73,23,2.3,1.73,36.66666667,0.416722486
2021-22,2,check2,1,Check,NA,99,147,102,30,2.1,2.48,28.66666667,-0.13165384
2021-22,2,307,1,Bouchane-2,S3B6_batch1,79,135,59,11,2.2,3.33,25,-0.38299299
2021-22,2,240,1,PI-596498,S2F7_batch1,79,166,130,35,2,1.84,41.66666667,0.75945769
2021-22,2,112,1,D-12135,S4C10_batch1,83,184,105,38,2.3,1.7,9.333333333,-1.456896629
2021-22,2,78,1,D-12196,S1F2_batch1,75,161,90,22,2,2.12,25,-0.38299299
2021-22,2,149,2,CHEN-391,S3H4_batch1,70,152,87,34,2.06,2.64,41.66666667,0.75945769
2021-22,2,369,2,Ames-13738,S1F7_batch1,98,146,110,37,2.3,2.24,70,2.701623845
2021-22,2,141,2,D-12114,S3D9_batch1,83,135,67,23,2,2.37,28.33333333,-0.154502854
2021-22,2,197,2,Ames-13755,S2E4_batch1,93,139,102,32,2,1.8,31.66666667,0.073987282
2021-22,2,261,2,Oro-de-Valle,S1D6_batch1,74,140,118,31,2,3.28,28.33333333,-0.154502854
2021-22,2,107,2,CHEN-256,S2A5_batch1,90,168,140,46,1.8,1.82,15,-1.068463397
2021-22,2,105,2,PUC-mix-green,S1G8_batch1,83,167,85,25,2.4,1.98,35,0.302477418
2021-22,2,213,2,CHEN-441,NA,102,NA,106,21,NA,NA,NA,NA
2021-22,2,201,2,CHEN-415,S2H2_batch1,88,167,140,26,2,1.89,28.33333333,-0.154502854
2021-22,2,85,2,PI-634923,NA,90,146,120,34,1.88,2.96,31.66666667,0.073987282
2021-22,2,36,2,Ames-13743,S1B8_batch1,83,146,104,35,2.15,3.11,46.66666667,1.102192894
2021-22,2,46,2,BO-13,S1D10_batch1,83,152,100,41,2.2,2.82,28.33333333,-0.154502854
2021-22,2,66,2,D-12395,S4F7_batch1,71,146,102,30,2.33,3.54,46.66666667,1.102192894
2021-22,2,76,2,D-12037,S1F8_batch1,72,140,111,21,2.1,3.2,51.33333333,1.422079084
2021-22,2,366,2,CHEN-205,S2B5_batch1,102,185,110,31,2.1,2.05,36.66666667,0.416722486
2021-22,2,293,2,CHEN-225,S2G11_batch1,85,185,140,32,2.3,2.1,8.333333333,-1.525443669
2021-22,2,110,2,CHEN-384,S4G10_batch1,90,168,160,40,2.2,2.88,31.66666667,0.073987282
2021-22,2,check3,2,Check,NA,97,150,120,29,1.9,2.5,28.33333333,-0.154502854
2021-22,2,344,2,PI-614888,S50_batch3,84,137,70,17,2.1,2.56,28.33333333,-0.154502854
2021-22,2,156,2,BO-30,S2F5_batch1,83,137,65,19,2.1,2.25,18.33333333,-0.839973262
2021-22,2,238,2,Ames-13742,S4F8_batch1,78,140,95,21,2.1,2.41,21.33333333,-0.634332139
2021-22,2,262,2,D-12357,S1D7_batch1,106,173,120,34,2.2,2.89,18.33333333,-0.839973262
2021-22,2,164,2,Ames-13734,S1B3_batch1,100,160,90,32,2.3,2.15,38.33333333,0.530967554
2021-22,2,176,2,D-12060,S3A9_batch1,97,173,130,28,1.8,2.48,15,-1.068463397
2021-22,2,124,2,D-10004,KATA3G2RH10,83,137,98,27,2.15,2.96,45,0.987947826
2021-22,2,137,2,D-11918,S4F3_batch1,83,185,108,28,2,1.64,19,-0.794275234
2021-22,2,114,2,Ames-13739,NA,81,140,87,29,2.1,2.65,28.33333333,-0.154502854
2021-22,2,184,2,NSL-106398,NA,75,136,110,24,2.1,3.06,26.66666667,-0.268747922
2021-22,2,187,2,CHEN-140,S3E4_batch1,108,169,160,45,2.1,2.19,15,-1.068463397
2021-22,2,230,2,D-12205,S1C3_batch1,102,158,110,31,2,2,28.33333333,-0.154502854
2021-22,2,52,2,D-12389,S4D3_batch1,94,146,102,37,2,1.77,35,0.302477418
2021-22,2,278,2,CHEN-319,S2H4_batch1,99,185,135,33,2.3,2.83,48.33333333,1.216437961
2021-22,2,1,2,CHEN-5,S1D4_batch1,81,136,70,17,1.95,2.24,15,-1.068463397
2021-22,2,140,2,Ames-13761,S2G6_batch1,58,137,85,30,2.1,2.51,18.33333333,-0.839973262
2021-22,2,135,2,CHEN-330,S4E6_batch1,105,174,140,35,2,1.92,31.66666667,0.073987282
2021-22,2,178,2,CHEN-425,S4G6_batch1,81,169,120,30,2.1,3.06,31.66666667,0.073987282
2021-22,2,check4,2,Check,NA,100,148,111,28,2.1,2.6,28,-0.177351867
2021-22,2,118,2,D-12166,S2G8_batch1,79,167,140,30,2.5,3.76,58.33333333,1.901908369
2021-22,2,253,2,Bouchane-3,S1E1_batch1,79,137,81,25,2.2,2.96,25,-0.38299299
2021-22,2,353,2,Ames-13737,S4F11_batch1,88,152,110,39,2.1,1.52,28.33333333,-0.154502854
2021-22,2,222,3,PI-614915,S4D5_batch1,78,140,111,21,1.9,3,31.33333333,0.051138268
2021-22,2,265,3,D-12087,S1D8_batch1,75,137,59,18,1.9,2.28,28.33333333,-0.154502854
2021-22,2,116,3,CHEN-221,NA,89,161,162,38,2.4,3.26,31.66666667,0.073987282
2021-22,2,24,3,PI-614907,S7H3_batch2,74,140,116,35,2.2,3.19,25,-0.38299299
2021-22,2,189,3,PI-665283,S1H1_batch1,98,140,107,30,2,2.58,28,-0.177351867
2021-22,2,169,3,Ames-13729,S736_batch3,99,153,110,42,2.3,2.5,18.33333333,-0.839973262
2021-22,2,70,3,CHEN-470,S1F5_batch1,89,185,124,28,2.3,2.49,33.33333333,0.18823235
2021-22,2,210,3,PI-634917,NA,83,140,112,29,2.3,3.25,58,1.879059356
2021-22,2,48,3,D-12020,S4H4_batch1,97,168,136,30,2.3,2.89,32.33333333,0.119685309
2021-22,2,171,3,D-12219,S2H9_batch2,79,173,100,30,1.5,1.83,25,-0.38299299
2021-22,2,343,3,Regalona,S1C5_batch1,73,137,37,19,2.1,1.96,15,-1.068463397
2021-22,2,266,3,Vikinga,S1E9_batch1,69,158,58,17,2.1,1.51,31.66666667,0.073987282
2021-22,2,132,3,CHEN-429,S4C2_batch1,101,168,160,30,2.3,2.8,18.33333333,-0.839973262
2021-22,2,72,3,D-12377,S6B14_batch2,72,168,100,18,2.1,2.65,31.66666667,0.073987282
2021-22,2,117,3,D-12229,S4H11_batch1,117,NA,170,40,NA,NA,NA,NA
2021-22,2,81,3,PI-510547,NA,102,146,25,30,2.1,2.36,65,2.358888641
2021-22,2,347,3,PI-614889,S1D1_batch1,81,140,76,22,1.9,2.45,38,0.50811854
2021-22,2,358,3,BO-29,S203_batch3,90,146,68,27,1.8,2.18,23.33333333,-0.497238058
2021-22,2,check5,3,Check,NA,97,149,105,30,1.88,2.65,27,-0.245898908
2021-22,2,203,3,Cherry-Vanilla,S3H6_batch1,81,146,65,27,2.1,2.44,48.33333333,1.216437961
2021-22,2,276,3,D-12119,S2E3_batch1,101,173,80,26,1.7,2.9,8.333333333,-1.525443669
2021-22,2,284,3,D-10005,S2B7_batch1,105,185,168,32,2.35,1.95,9,-1.479745642
2021-22,2,119,3,CHEN-382,S1C10_batch1,83,137,96,31,2.2,2.97,28.33333333,-0.154502854
2021-22,2,351,3,D-12038,S3D2_batch2,90,161,75,25,2.2,2.84,21.66666667,-0.611483125
2021-22,2,32,3,CHEN-220,S2B10_batch1,97,153,93,37,2.3,1.64,28.33333333,-0.154502854
2021-22,2,97,3,EMBRAPA-Brazil,S4A7_batch1,80,146,90,28,2.1,1.65,31.66666667,0.073987282
2021-22,2,304,3,CHEN-302,S3G5_batch1,104,140,70,25,1.6,1.69,8.333333333,-1.525443669
2021-22,2,64,3,D-12329,S3G9_batch1,73,140,81,24,2.1,2.76,30,-0.040257786
2021-22,2,167,3,NL-6,NA,85,135,78,28,2.1,2.67,21.66666667,-0.611483125
2021-22,2,258,3,CHEN-424,S1F4_batch1,83,161,82,25,2.3,2.78,31.66666667,0.073987282
2021-22,2,16,3,LP,S2H10_batch1,83,146,110,28,2.4,3.97,45,0.987947826
2021-22,2,191,3,BO-60,S3D6_batch1,88,136,95,30,1.9,2.55,16.66666667,-0.954218329
2021-22,2,103,3,D-12058,S6C8_batch2,72,146,90,27,2.39,1.77,48.33333333,1.216437961
2021-22,2,102,3,Ames-13732,S3F1_batch1,104,185,100,24,2.15,1.51,30.33333333,-0.017408772
2021-22,2,242,3,PI-510550,NA,81,168,110,50,1.9,2.15,25,-0.38299299
2021-22,2,62,3,Ames-13750,S2D4_batch1,75,146,100,28,1.95,2.85,35,0.302477418
2021-22,2,check6,3,Check,NA,95,145,100,32,2.1,2.67,26.33333333,-0.291596936
2021-22,2,223,3,Ames-13733,S2D9_batch1,72,168,108,25,2,2.7,61.66666667,2.130398506
2021-22,2,244,3,PI-510543,S1F10_batch1,73,161,110,40,1.9,1.37,11.66666667,-1.296953533
2021-22,2,121,3,D-12120,S3B3_batch1,81,138,116,41,2.1,2.83,55,1.673418234
2021-22,2,128,4,D-12123,S3B1_batch1,88,153,120,33,2.41,3.58,28.33333333,-0.154502854
2021-22,2,37,4,PI-478418,S3B5_batch1,70,139,NA,22,2.15,2.1,45,0.987947826
2021-22,2,109,4,D-12175,S1E11_batch1,72,169,134,40,1.8,2.7,35,0.302477418
2021-22,2,354,4,D-11965,S2E10_batch1,102,185,125,23,2.3,1.65,49,1.262135989
2021-22,2,131,4,PI-634920,NA,99,174,130,28,2.1,2.56,13.33333333,-1.182708466
2021-22,2,113,4,CHEN-430,S3D3_batch1,72,159,84,21,1.9,2.8,41.66666667,0.75945769
2021-22,2,95,4,D-12282,S4C8_batch1,79,137,87,24,2.1,2.68,21.66666667,-0.611483125
2021-22,2,227,4,Ames-13759,S757_batch3,79,146,159,48,1.7,2.89,38.33333333,0.530967554
2021-22,2,294,4,BO-42,S2E11_batch1,102,173,110,27,2.1,2.28,15,-1.068463397
2021-22,2,185,4,BO-11,S4H9_batch1,93,140,78,19,1.75,2.23,26.66666667,-0.268747922
2021-22,2,59,4,D-12393,S3C4_batch1,75,137,80,20,1.9,2.22,25,-0.38299299
2021-22,2,18,4,D-11943,S2B9_batch1,67,146,90,30,1.9,2.47,60,2.016153437
2021-22,2,290,4,CHEN-437,S2E9_batch1,100,161,112,27,1.9,1.84,15,-1.068463397
2021-22,2,320,4,D-12359,NA,83,140,99,24,2.1,2.72,21.66666667,-0.611483125
2021-22,2,125,4,Javi,S1E3_batch1,83,137,81,23,2,2.66,15,-1.068463397
2021-22,2,11,4,BO-16,S1A9_batch1,73,136,72,22,2,2.58,21.66666667,-0.611483125
2021-22,2,181,4,PI-614928,S224_batch3,99,153,90,29,2,1.68,21.66666667,-0.611483125
2021-22,2,check7,4,Check,NA,98,149,95,29,1.9,2.8,28,-0.177351867
2021-22,2,206,4,CHEN-423,NA,95,185,140,28,2.3,2.66,15,-1.068463397
2021-22,2,345,4,D-9984,NA,93,140,95,25,1.7,2.51,25,-0.38299299
2021-22,2,14,4,BO-58,S1A8_batch1,90,136,65,22,2.12,2.79,28.33333333,-0.154502854
2021-22,2,138,4,CHEN-92,S1B3_batch2,95,146,67,23,2.2,2.73,28.33333333,-0.154502854
2021-22,2,19,4,PUC-mix-red,KATA1A4_RH5,83,137,91,33,1.9,3,28.33333333,-0.154502854
2021-22,2,145,4,D-11924,S2C7_batch1,101,136,135,37,2.3,1.7,27.66666667,-0.200200881
2021-22,2,63,4,D-12350,S3C5_batch1,81,136,60,27,1.8,2.28,27.66666667,-0.200200881
2021-22,2,144,4,Ames-13731,S2A4_batch1,85,146,98,34,2.15,2.63,43.33333333,0.873702758
2021-22,2,207,4,D-12079,S2B3_batch1,119,NA,155,35,NA,NA,NA,NA
2021-22,2,352,4,PI-614884,S2H7_batch1,92,153,85,36,2.12,2.57,15,-1.068463397
2021-22,2,126,4,BO-31,S14_batch3,83,136,65,24,2,2.45,11.33333333,-1.319802547
2021-22,2,65,4,D-12243,S1C2_batch1,83,153,80,29,2.15,3.21,18.33333333,-0.839973262
2021-22,2,170,4,CHEN-69,S4C6_batch1,85,153,92,35,2,2.46,21.66666667,-0.611483125
2021-22,2,217,4,PI-665272,S4D1_batch1,89,168,170,30,2.1,2.3,41.66666667,0.75945769
2021-22,2,190,4,CHEN-297,S3E7_batch1,112,153,105,37,2,3.14,38.33333333,0.530967554
2021-22,2,127,4,CHEN-126,S1E8_batch1,75,153,105,34,2.2,1.68,25,-0.38299299
2021-22,2,186,4,BO-63,S2F11_batch1,85,147,87,30,2,2.85,26.66666667,-0.268747922
2021-22,2,check8,4,Check,NA,98,150,100,32,2,2.55,26.66666667,-0.268747922
2021-22,2,357,4,CHEN-400,S4B5_batch1,83,157,112,46,2.35,2,71.66666667,2.815868913
2021-22,2,7,4,CHEN-398,NA,85,153,80,33,2.1,2.15,38.33333333,0.530967554
2021-22,2,75,4,D-12387,S2C5_batch1,85,140,103,33,2,2.54,15,-1.068463397
2021-22,2,241,4,PI-510551,S4E5_batch1,74,173,107,40,2.3,2.23,11.66666667,-1.296953533
2021-22,2,285,5,Real,S2C8_batch1,81,153,96,27,2.1,2.59,35,0.302477418
2021-22,2,205,5,CHEN-128,S2F8_batch1,83,173,90,25,2.5,2.76,18.33333333,-0.839973262
2021-22,2,274,5,BO-03,S2G2_batch1,70,135,NA,19,2,2.81,31.66666667,0.073987282
2021-22,2,73,5,CHEN-354,S3F3_batch1,135,185,155,34,2,2.6,29,-0.108804827
2021-22,2,12,5,D-12405,S1H10_batch1,97,146,68,27,2.05,3.03,53.33333333,1.559173165
2021-22,2,174,5,PI-634924,S1H9_batch1,101,146,98,42,2.2,3.15,30,-0.040257786
2021-22,2,68,5,D-12420,S1A3_batch1,93,150,120,28,2.1,2.14,22.66666667,-0.542936085
2021-22,2,204,5,Kamiri,S4D10_batch1,83,159,120,32,2,2.87,41.66666667,0.75945769
2021-22,2,50,5,CHEN-451,S5B1_batch2,79,136,NA,31,2.1,2.66,25,-0.38299299
2021-22,2,35,5,Ames-13727,S1G9_batch1,83,136,NA,27,2.3,1.8,50,1.33068303
2021-22,2,34,5,Ames-13723,KATRC10,91,140,NA,28,2.4,1.92,15,-1.068463397
2021-22,2,259,5,Indian-Quinoa,S1E4_batch1,93,146,78,33,1.9,3.15,36.66666667,0.416722486
2021-22,2,248,5,PI-478410,NA,75,153,85,31,2,1.79,28.33333333,-0.154502854
2021-22,2,134,5,D-12363,S3E11_batch1,79,146,36,9,1.6,2,13.33333333,-1.182708466
2021-22,2,209,5,D-12027,S4B1_batch1,104,185,160,37,2.4,1.49,12.33333333,-1.251255506
2021-22,2,316,5,CHEN-299,S3B9_batch1,80,153,65,28,1.95,1.93,8.333333333,-1.525443669
2021-22,2,check9,5,Check,NA,101,148,99,28,1.9,2.6,28.66666667,-0.13165384
2021-22,2,195,5,CHEN-144,S4E11_batch1,76,171,90,21,2.1,2.13,60,2.016153437
2021-22,2,152,5,D-12397,S2D11_batch1,104,168,120,20,2.3,2.85,21.66666667,-0.611483125
2021-22,2,183,5,D-12362,S4D6_batch1,100,168,110,31,2.2,2.63,18.33333333,-0.839973262
2021-22,2,9,5,Ames-13749,S1H7_batch1,90,140,107,45,2.1,2.93,46.66666667,1.102192894
2021-22,2,142,5,CHEN-358,S4A2_batch1,101,173,120,30,2.2,2.75,15,-1.068463397
2021-22,2,71,5,D-9981,NA,90,168,72,19,1.9,3,61.66666667,2.130398506
2021-22,2,271,5,Nde-09,S4G8_batch1,88,153,97,31,2,1.35,28.33333333,-0.154502854
2021-22,2,3,5,D-12162,S4D11_batch1,83,168,137,40,1.9,2.4,36.66666667,0.416722486
2021-22,2,41,5,PI-614931,S8F14_batch2,68,153,102,39,2.3,2.26,43.33333333,0.873702758
2021-22,2,219,5,PI-665277,S4E8_batch1,84,168,120,20,2.2,2.88,61.66666667,2.130398506
2021-22,2,243,5,PI-510545,NA,83,159,116,36,2.1,3.04,36.66666667,0.416722486
2021-22,2,148,5,BO-17,S4B8_batch1,103,146,297,36,1.9,2.13,23.33333333,-0.497238058
2021-22,2,80,5,CHEN-64,S2F3_batch1,86,146,48,17,1.9,2.32,16.66666667,-0.954218329
2021-22,2,38,5,CHEN-427,S3H8_batch1,81,140,128,39,2.1,2.13,31.66666667,0.073987282
2021-22,2,49,5,PI-634925,S2H3_batch1,88,137,86,31,2.1,2.78,21.66666667,-0.611483125
2021-22,2,153,5,CHEN-218,S2F2_batch1,102,140,91,30,2.1,2.51,17.66666667,-0.885671289
2021-22,2,338,5,D-12021,S3C2_batch1,81,146,62,25,2.1,2.44,30,-0.040257786
2021-22,2,check10,5,Check,NA,101,150,103,28,2.1,2.67,26.66666667,-0.268747922
2021-22,2,42,5,D-12220,S1H4_batch1,73,140,92,40,2,3.08,28.33333333,-0.154502854
2021-22,2,283,5,NSL-91567,S2A6_batch1,81,140,91,31,2,1.62,15.66666667,-1.02276537
2021-22,2,151,5,D-12179,S4E2_batch1,110,NA,200,50,NA,NA,NA,NA
2021-22,2,363,5,D-11973,S3F9_batch2,79,137,105,39,1.9,2.82,18.33333333,-0.839973262
2021-22,2,55,6,PI-614919,S4F1_batch1,81,146,101,33,2.4,3.72,86.66666667,3.844074525
2021-22,2,26,6,CHEN-174,S4B9_batch1,104,185,140,30,2,2.35,30,-0.040257786
2021-22,2,111,6,NSL-86649,S2E1_batch1,73,136,NA,29,1.88,2.3,26.66666667,-0.268747922
2021-22,2,2,6,PI-614882,S4D9_batch1,83,138,94,29,1.8,2.83,25,-0.38299299
2021-22,2,211,6,CHEN-450,S3F4_batch1,90,147,72,25,2.2,3.16,35,0.302477418
2021-22,2,23,6,D-12184,S1G11_batch1,83,177,108,31,2.3,2.1,30,-0.040257786
2021-22,2,188,6,CHEN-199,S3D8_batch1,94,168,120,30,2.1,2.38,15.66666667,-1.02276537
2021-22,2,192,6,BO-51,S2G10_batch1,83,152,87,29,1.84,2.13,18.33333333,-0.839973262
2021-22,2,198,6,D-11936,NA,107,NA,260,30,NA,NA,NA,NA
2021-22,2,220,6,PI-674266,S3G6_batch1,103,176,130,25,1.9,1.59,5,-1.753933805
2021-22,2,61,6,Brightest-Brilliant-Rainbow,S1G5_batch1,79,136,67,29,2.2,2.8,23.33333333,-0.497238058
2021-22,2,225,6,PI-510542,NA,72,146,47,17,2.1,2.91,43.33333333,0.873702758
2021-22,2,228,6,Ames-13756,NA,79,140,92,31,1.9,2.88,27.66666667,-0.200200881
2021-22,2,273,6,Line-0654,S173_batch3,103,185,150,25,2.3,2.6,18.33333333,-0.839973262
2021-22,2,264,6,D-12208,S1H8_batch1,70,146,54,20,2,2.82,35,0.302477418
2021-22,2,15,6,PI-510532,S3E10_batch1,75,137,104,31,2.3,3.51,28.33333333,-0.154502854
2021-22,2,check11,6,Check,NA,96,146,120,30,2,2.78,29.66666667,-0.063106799
2021-22,2,5,6,D-12341,NA,101,153,94,28,1.95,2.57,65,2.358888641
2021-22,2,74,6,BO-55,S1G1_batch1,83,140,78,31,2.1,2.18,14.66666667,-1.091312411
2021-22,2,200,6,CHEN-159,S2C4_batch1,75,153,74,30,1.9,2.54,15,-1.068463397
2021-22,2,89,6,PAL,NA,81,153,99,30,2.3,2.25,31.66666667,0.073987282
2021-22,2,237,6,Redhead,S2D3_batch1,91,146,55,27,2,2.85,11.66666667,-1.296953533
2021-22,2,193,6,CHEN-414,NA,92,140,95,13,2,2.55,31.33333333,0.051138268
2021-22,2,175,6,D-11889,S2C10_batch1,80,135,45,16,1.85,2.52,11.66666667,-1.296953533
2021-22,2,84,6,PI-634919,S2H11_batch1,81,140,93,31,1.84,2.3,58.33333333,1.901908369
2021-22,2,196,6,E-DK-4,S1D3_batch1,95,153,113,40,1.8,2.57,30,-0.040257786
2021-22,2,129,6,CHEN-90,S1B5_batch1,110,185,135,33,2.3,2.24,20.66666667,-0.680030166
2021-22,2,239,6,Ames-13757,S3D5_batch1,79,161,120,38,2.3,2.13,48.33333333,1.216437961
2021-22,2,180,6,BO-40,S1H6_batch1,109,153,121,34,2,1.99,43.33333333,0.873702758
2021-22,2,31,6,Ames-13722,S1C6_batch1,75,140,98,28,1.9,1.85,21.66666667,-0.611483125
2021-22,2,216,6,PI-614880,S2B1_batch1,95,146,127,30,2.11,2.85,30,-0.040257786
2021-22,2,279,6,Bouchane-4,S2E5_batch1,80,147,81,21,2.3,2.24,8.333333333,-1.525443669
2021-22,2,342,6,D-12081,S4H5_batch1,103,NA,150,32,NA,NA,NA,NA
2021-22,2,224,6,Ames-13753,S1G6_batch1,80,182,100,24,2.3,2.24,30.33333333,-0.017408772
2021-22,2,370,6,PI-614932,S7E4_batch2,102,153,76,28,2.1,2.04,55,1.673418234
2021-22,2,check12,6,Check,NA,104,151,97,31,2,2.8,28,-0.177351867
2021-22,2,172,6,CHEN-71,S2C9_batch1,84,153,88,39,2.1,1.82,38.33333333,0.530967554
2021-22,2,159,6,CHEN-281,NA,89,182,125,40,1.8,2.35,17.66666667,-0.885671289
2021-22,2,177,6,D-12340,S2C10_batch2,81,180,180,30,2.2,1.88,51.66666667,1.444928098
2021-22,2,87,6,Ames-13744,S1A6_batch1,84,140,95,31,2,2.35,51.33333333,1.422079084
2021-22,2,349,7,Ames-13745,S1E6_batch1,72,140,98,32,2,1.81,26.33333333,-0.291596936
2021-22,2,179,7,D-12014,NA,83,146,125,42,1.95,2.71,80,3.387094253
2021-22,2,234,7,Ames-13730,S1C8_batch1,73,140,85,26,2.4,2.3,31.66666667,0.073987282
2021-22,2,155,7,D-12002,NA,72,140,NA,21,1.88,2.5,28.33333333,-0.154502854
2021-22,2,301,7,D-12181,S3G3_batch1,93,145,66,19,2.2,2.49,18.33333333,-0.839973262
2021-22,2,51,7,D-12177,S3A7_batch1,109,143,110,30,2,2.56,11.66666667,-1.296953533
2021-22,2,33,7,NSL-86628,S1A5_batch1,92,136,104,49,2,2.47,18.33333333,-0.839973262
2021-22,2,120,7,D-12082,S4H3_batch1,83,145,60,19,1.8,2.43,41.66666667,0.75945769
2021-22,2,215,7,CHEN-142,NA,93,168,130,25,2.2,2.57,28.33333333,-0.154502854
2021-22,2,272,7,RU-2,S4D8_batch1,83,136,NA,23,1.8,2.2,25,-0.38299299
2021-22,2,165,7,Ames-13725,S3A4_batch1,95,145,90,36,1.7,2.01,43.33333333,0.873702758
2021-22,2,77,7,D-12223,NA,99,137,100,25,1.8,1.99,45,0.987947826
2021-22,2,79,7,CHEN-348,NA,83,168,110,28,2.1,2.41,41.66666667,0.75945769
2021-22,2,check13,7,Check,NA,99,150,93,32,2,2.69,26.66666667,-0.268747922
2021-22,2,214,7,D-12122,S4A4_batch1,83,182,120,27,2,2.85,41.66666667,0.75945769
2021-22,2,212,7,Ames-13724,NA,91,146,94,33,2,2.57,21.66666667,-0.611483125
2021-22,2,67,7,D-12279,S3A5_batch1,81,145,102,36,1.8,2.59,36.66666667,0.416722486
2021-22,2,231,7,Titicaca,S4B6_batch1,71,136,71,23,2.1,3.5,15,-1.068463397
2021-22,2,360,7,03-21-072RM,S3H3_batch1,73,136,75,23,1.85,2.12,5,-1.753933805
2021-22,2,47,7,KU-2,S517_batch3,82,153,120,41,2.1,2.77,21.66666667,-0.611483125
2021-22,2,160,7,Ames-13748,S2H5_batch1,103,145,101,33,2,3.18,35,0.302477418
2021-22,2,255,7,CHEN-298,S1G2_batch1,94,183,150,35,2.1,2.64,20.33333333,-0.70287918
2021-22,2,236,7,PI-510539,S5C12_batch2,83,138,88,27,2.1,2.91,21.66666667,-0.611483125
2021-22,2,29,7,PI-614887,S1H5_batch1,83,145,99,34,2.2,3.23,63.33333333,2.244643573
2021-22,2,45,7,CHEN-397,S3D10_batch1,91,153,122,28,2.35,3.97,28.33333333,-0.154502854
2021-22,2,194,7,CHEN-33,S1F9_batch1,71,136,82,22,2.05,2.97,31.66666667,0.073987282
2021-22,2,83,7,Ames-13719,NA,90,136,98,42,2.25,3.23,21,-0.657181153
2021-22,2,98,7,RU-5,S1D5_batch1,79,136,74,27,1.95,2.67,11.66666667,-1.296953533
2021-22,2,28,7,Ames-13760,S1G10_batch1,81,159,116,35,1.8,2.8,15,-1.068463397
2021-22,2,91,7,CHEN-291,S1E5_batch1,110,174,135,35,2.1,2.74,11.66666667,-1.296953533
2021-22,2,168,7,D-12213,S6F14_batch2,101,137,59,21,1.85,2.89,25,-0.38299299
2021-22,2,17,7,PI-614920,S4F9_batch1,81,159,100,32,2.3,3.07,46.66666667,1.102192894
2021-22,2,233,7,PI-478415,NA,101,168,100,25,1.9,2.56,35,0.302477418
2021-22,2,check14,7,Check,NA,103,150,110,32,2,2.66,28.33333333,-0.154502854
2021-22,2,367,7,PI-614927,S1B1_batch1,83,145,99,41,2.1,2.92,38.33333333,0.530967554
2021-22,2,57,7,Ames-13735,S1B6_batch1,83,140,120,37,2.2,3.1,40,0.645212622
2021-22,2,136,7,D-12036,S1F3_batch1,99,168,120,20,2.2,2.55,25,-0.38299299
2021-22,2,4,7,PI-614885,S1C9_batch1,83,153,67,22,2.3,2.92,28.33333333,-0.154502854